HV1,IC1,IC2,IC3,IC4,IC5,AVGGIFT,TARGET_D
2000.0,458,453,495,469.0,19217,13.51111111,38.0
817.0,213,256,240,236.0,8518,12.22222222,10.0
1866.0,405,423,394,407.0,15709,23.85714286,37.0
1174.0,268,282,298,283.0,10427,10.4,12.0
3048.0,470,557,562,530.0,31631,8.222222222000001,15.0
2175.0,68,138,96,101.0,9127,8.333333332999999,10.0
1086.0,334,370,391,365.0,15432,3.655172414,3.0
1560.0,344,411,398,384.0,16580,20.0,20.0
972.0,347,414,400,387.0,17541,7.285714286,8.0
1094.0,395,417,414,409.0,13714,5.266666667,5.0
902.0,219,246,261,242.0,8728,10.0,15.0
2399.0,588,609,610,602.0,19738,10.7,10.0
557.0,245,310,286,280.0,12777,4.904761905,7.0
1483.0,497,509,523,510.0,17961,17.09090909,18.0
1418.0,351,386,352,363.0,13340,13.25,25.0
874.0,302,310,346,319.0,12070,4.344827586,4.0
1490.0,384,420,435,413.0,17806,6.533333333,14.0
2638.0,71,185,105,120.0,7591,15.0,15.0
787.0,339,394,380,371.0,13370,4.5,5.0
1033.0,406,502,453,454.0,16625,3.5185185189999997,3.0
1218.0,452,495,515,487.0,21946,10.13333333,13.0
1083.0,205,219,278,234.0,10286,16.42857143,25.0
3397.0,677,695,734,702.0,25398,15.0,15.0
426.0,256,269,276,267.0,9572,6.1111111110000005,6.0
1083.0,306,314,321,314.0,11140,10.91666667,18.0
540.0,225,253,249,242.0,9634,4.9,4.0
1003.0,411,420,468,433.0,14066,4.258064516,5.0
837.0,230,219,261,237.0,11087,4.5921052630000005,5.0
3927.0,284,455,343,361.0,24240,11.85714286,19.0
2512.0,613,632,655,633.0,21179,8.928571429,5.0
1275.0,327,461,387,392.0,17723,10.54545455,12.0
921.0,431,451,455,446.0,14845,7.428571429,9.0
1046.0,366,409,399,391.0,13901,9.818181818,10.0
1536.0,237,304,257,266.0,9875,9.5,20.0
480.0,202,232,243,226.0,9288,7.909090909,8.0
746.0,168,201,218,196.0,11971,12.5,10.0
1324.0,360,364,396,373.0,15002,7.5,10.0
1000.0,357,394,391,381.0,15428,10.77777778,10.0
1110.0,320,354,368,347.0,18361,9.090909091,10.0
898.0,371,453,419,414.0,16242,11.5,10.0
982.0,451,462,443,452.0,17756,12.7,10.0
1355.0,246,459,345,350.0,19319,4.176470588,5.0
2296.0,906,924,931,920.0,29903,7.2,8.0
1583.0,615,626,651,631.0,22163,13.33333333,15.0
492.0,174,228,217,206.0,8356,5.857142857,5.0
1172.0,318,394,362,358.0,14570,4.222222222,10.0
995.0,364,382,400,382.0,11401,8.6,15.0
1769.0,321,405,377,368.0,15611,12.66666667,12.0
1664.0,411,477,483,457.0,18678,20.875,10.0
1146.0,277,284,300,287.0,8189,5.25,5.0
749.0,254,348,297,300.0,12966,7.894736842,7.0
360.0,99,156,153,136.0,6133,3.260869565,4.0
2028.0,523,526,564,538.0,16084,6.785652174,5.0
1224.0,206,231,248,228.0,9104,13.55555556,23.0
3083.0,426,444,439,436.0,16702,10.33333333,38.0
805.0,154,163,180,166.0,6724,6.909090909,8.0
926.0,204,210,238,217.0,11936,11.26666667,10.0
5422.0,522,546,677,582.0,35022,4.814814815,3.0
835.0,192,303,263,253.0,11878,6.285714286,10.0
1752.0,434,566,495,498.0,21023,21.27027027,25.0
1081.0,307,318,332,319.0,12060,5.090909091,5.0
525.0,145,138,189,157.0,8278,3.576923077,5.0
953.0,413,429,447,430.0,15002,4.069767442,5.0
1159.0,262,304,339,302.0,13486,11.25,15.0
2299.0,154,163,215,177.0,6449,13.85714286,10.0
2239.0,275,296,322,298.0,10484,7.125,5.0
815.0,258,276,302,279.0,11337,5.857142857,10.0
1721.0,309,315,403,342.0,13910,10.0,12.0
1086.0,293,365,336,331.0,13802,9.384615385,13.0
1931.0,451,466,494,470.0,17987,17.83333333,25.0
2507.0,310,381,383,358.0,23204,18.0,40.0
3661.0,373,452,421,415.0,23187,5.466666667,5.0
895.0,248,274,288,270.0,15936,6.125,10.0
575.0,115,154,177,149.0,5058,6.214285714,6.0
998.0,164,201,250,205.0,10618,10.625,10.0
1539.0,179,282,239,233.0,11722,16.0,37.0
1636.0,304,369,355,343.0,15193,27.5,10.7
887.0,259,378,318,318.0,12827,3.1612903230000002,3.0
1610.0,629,633,659,640.0,21821,4.0,5.0
1558.0,390,469,432,430.0,17886,3.285714286,5.0
1663.0,363,416,436,405.0,18860,12.46076923,15.0
693.0,250,288,313,284.0,11462,5.777777778,6.0
1678.0,473,527,515,505.0,20092,13.66666667,21.0
1319.0,205,233,285,241.0,9311,15.0,20.0
846.0,248,297,306,284.0,9783,8.125,10.0
824.0,259,296,276,277.0,12714,8.666666667000001,10.0
1147.0,282,288,413,328.0,36395,7.666666667,11.0
2496.0,426,402,463,430.0,11118,8.0,15.0
752.0,193,256,230,226.0,9283,5.64,10.0
563.0,166,239,259,221.0,11274,4.848484849,5.0
823.0,168,190,221,193.0,7538,15.0,15.0
2741.0,353,407,402,387.0,13687,8.875,15.0
928.0,280,298,290,289.0,11652,6.428571429,5.0
1979.0,341,448,424,404.0,26847,13.71428571,10.0
736.0,271,292,291,285.0,11148,5.0,9.0
1384.0,225,267,299,264.0,16782,10.0,12.0
2205.0,337,416,449,401.0,20987,30.71428571,50.0
1546.0,572,572,633,592.0,21932,9.625,20.0
1497.0,425,448,475,449.0,17264,13.0,30.0
1023.0,371,414,398,394.0,18915,6.538461539,10.0
450.0,338,338,343,340.0,11558,14.16666667,15.0
1295.0,288,312,355,318.0,13839,7.9,8.0
804.0,238,355,319,304.0,14205,8.5,10.0
1998.0,449,469,494,471.0,17518,10.7,16.0
1673.0,379,539,445,454.0,19190,7.75,10.0
2750.0,311,345,350,335.0,16133,5.533333333,15.0
473.0,125,149,157,144.0,7798,11.5,5.0
438.0,129,164,131,141.0,7079,5.285714286,5.0
827.0,166,202,204,191.0,8507,14.75,16.0
2109.0,545,617,599,587.0,23170,11.125,20.0
1802.0,462,475,498,478.0,15816,20.18181818,34.0
763.0,142,165,210,172.0,9665,15.0,15.0
1671.0,416,462,429,436.0,15090,17.0,20.0
2509.0,250,598,380,409.0,22426,20.0,25.0
2619.0,358,358,344,353.0,15739,20.0,25.0
966.0,332,378,347,352.0,13293,12.33333333,15.0
1261.0,327,336,411,358.0,17854,10.20588235,12.0
1361.0,394,434,423,417.0,14607,15.4,19.0
1066.0,283,316,339,313.0,14352,6.47826087,12.0
1018.0,410,443,425,426.0,14721,8.578947368,10.0
2616.0,518,475,512,502.0,16660,20.0,20.0
601.0,205,208,246,220.0,8803,13.25,10.0
1216.0,617,646,654,639.0,25623,9.6,16.0
4004.0,752,750,770,757.0,31850,10.0,20.0
1292.0,482,566,522,523.0,22454,10.08333333,7.0
685.0,185,231,288,235.0,11857,8.666666667000001,10.0
1693.0,162,451,234,282.0,4738,8.625,12.0
1364.0,488,524,515,509.0,19446,15.0,11.0
918.0,284,353,360,332.0,12127,9.5,11.0
2088.0,513,535,581,543.0,21342,14.75,20.0
2411.0,417,416,454,429.0,12747,23.125,12.0
546.0,280,318,335,311.0,12044,8.647058824,5.0
1122.0,327,358,389,358.0,17608,14.0,20.0
4118.0,690,693,781,721.0,32964,15.0,15.0
2014.0,403,427,424,418.0,12093,25.0,25.0
3982.0,508,547,542,532.0,22722,9.772727273,8.0
753.0,164,225,233,207.0,10054,19.5,15.0
879.0,307,315,336,319.0,11428,6.818181817999999,16.0
1432.0,374,442,449,422.0,16125,14.0,17.0
1718.0,331,342,338,337.0,11549,16.66666667,25.0
1894.0,346,381,406,378.0,14162,10.22222222,12.5
758.0,402,418,418,413.0,13264,4.6363636360000005,4.0
1353.0,271,323,314,303.0,16236,9.777777777999999,15.0
1080.0,203,217,202,207.0,8973,17.33333333,20.0
619.0,216,268,266,250.0,10381,5.602941177000001,7.0
756.0,262,299,310,290.0,10756,8.0,9.0
961.0,211,236,247,231.0,12774,7.214285714,10.0
1729.0,492,497,507,499.0,14106,4.75,10.0
2145.0,686,710,737,711.0,25156,25.0,25.0
853.0,276,292,305,291.0,10799,13.0,15.0
1036.0,367,453,414,411.0,19983,6.076923077000001,8.0
1021.0,403,422,434,420.0,15259,7.8,8.0
1703.0,319,379,387,362.0,15729,15.57142857,25.0
3000.0,241,374,313,309.0,18402,15.0,25.0
1135.0,283,307,306,299.0,12206,14.0,20.0
1212.0,359,404,380,381.0,14320,13.0,20.0
2074.0,223,243,241,236.0,8735,23.11111111,50.0
2115.0,282,359,356,332.0,16473,25.0,25.0
1172.0,212,227,263,234.0,9728,17.6,20.0
870.0,310,332,361,334.0,11230,5.4375,11.0
979.0,372,394,409,392.0,13208,11.4,12.0
1091.0,278,289,304,290.0,13653,10.6,15.0
2464.0,442,371,441,418.0,11448,14.8,21.0
4696.0,655,692,695,681.0,21091,30.0,50.0
3095.0,644,655,682,660.0,20782,8.75,15.0
681.0,246,278,272,265.0,10423,5.375,5.0
2034.0,388,479,513,460.0,18405,18.0,20.0
1551.0,168,178,222,189.0,5893,17.875,20.0
1031.0,304,355,349,336.0,13513,6.578947368,10.0
773.0,300,319,333,317.0,11482,8.666666667000001,10.0
1740.0,515,559,575,550.0,17626,10.0,15.0
793.0,204,249,250,234.0,9186,9.1,14.0
1682.0,360,392,376,376.0,14988,5.818181817999999,10.0
936.0,360,515,509,461.0,28807,3.7037037039999996,4.0
668.0,240,319,268,276.0,10020,8.0,8.0
4031.0,549,626,610,595.0,20683,15.2,20.0
2796.0,569,568,644,594.0,21982,6.923076922999999,15.0
1664.0,321,363,371,352.0,17804,11.0,25.0
896.0,202,256,254,237.0,8534,15.44444444,17.0
808.0,239,291,274,268.0,11284,5.578947368,12.0
2373.0,281,418,364,354.0,24681,13.71428571,19.0
5833.0,691,736,762,730.0,37073,26.5,30.0
1443.0,252,291,316,286.0,12884,6.96,15.0
1178.0,262,355,298,305.0,12621,15.0,21.0
3064.0,649,769,700,706.0,33887,6.416666667,7.0
1098.0,284,304,274,287.0,9667,11.5,20.0
1030.0,286,343,324,318.0,12400,8.363636364,15.0
852.0,250,281,291,274.0,12888,7.777777778,10.0
1100.0,236,270,279,262.0,10406,12.36142857,16.0
829.0,277,360,345,327.0,12618,17.5,10.0
1489.0,463,526,531,507.0,21120,8.0,10.0
1225.0,332,398,370,367.0,13662,14.55555556,26.0
1020.0,171,234,247,217.0,10643,15.0,20.0
1088.0,407,409,455,424.0,17576,7.454545455,11.0
618.0,296,292,296,295.0,11236,8.894736842,10.0
1823.0,518,534,612,555.0,26092,15.0,15.0
1233.0,341,393,382,372.0,14629,38.0,25.0
1720.0,314,370,389,358.0,15281,12.66666667,25.0
1203.0,285,366,329,327.0,20996,5.2352941180000006,7.0
1968.0,648,664,663,658.0,20187,13.38461539,10.0
1500.0,437,1151,643,744.0,64360,20.0,20.0
713.0,72,306,132,170.0,7241,5.115384615,10.0
1850.0,367,430,404,400.0,19095,16.45454546,20.0
848.0,217,221,265,234.0,10551,7.0,10.0
3200.0,668,701,717,695.0,26199,11.44444444,15.0
1283.0,331,349,367,349.0,13025,11.22727273,20.0
5364.0,784,791,829,801.0,33464,20.0,20.0
1174.0,212,268,256,245.0,10315,20.0,20.0
547.0,166,211,227,201.0,10630,8.96875,5.0
6251.0,817,924,870,870.0,41734,17.5,25.0
180.0,0,0,0,0.0,0,5.666666667,6.0
1618.0,545,613,602,587.0,23589,9.68,16.0
4563.0,730,807,770,769.0,32713,23.33333333,25.0
811.0,238,292,288,273.0,11412,4.428571429,8.0
1235.0,419,439,510,456.0,16922,11.21428571,10.0
646.0,359,405,462,409.0,21791,5.857142857,5.0
3496.0,366,453,470,430.0,15702,17.66666667,34.0
2291.0,376,387,435,399.0,17077,11.625,15.0
1096.0,241,351,348,313.0,20826,8.0,17.0
1731.0,408,415,426,416.0,12932,25.0,30.0
2205.0,371,380,405,385.0,10775,10.66666667,10.0
925.0,385,394,406,395.0,12802,8.875,11.0
1026.0,381,411,377,390.0,14190,9.173913043999999,15.0
1999.0,462,657,581,567.0,35636,12.16666667,10.0
895.0,289,346,330,322.0,13060,14.18181818,10.0
698.0,213,307,256,259.0,11564,5.8,5.0
2057.0,433,498,543,491.0,22698,17.5,35.0
2166.0,367,618,508,498.0,22850,15.0,15.0
640.0,118,170,161,150.0,7192,10.5,16.0
771.0,260,321,300,294.0,12452,8.428571429,11.0
735.0,186,238,207,210.0,11355,6.1111111110000005,2.0
964.0,312,335,293,313.0,9474,9.25,20.0
2127.0,388,464,391,414.0,15328,30.0,40.0
3592.0,658,770,675,701.0,23169,12.5,15.0
2195.0,549,609,644,601.0,20320,13.25,11.0
1458.0,369,398,373,380.0,11592,5.75,10.0
1233.0,269,273,291,278.0,9551,25.0,20.0
1461.0,223,269,266,253.0,14751,26.25,25.0
914.0,206,224,236,222.0,10245,13.33333333,20.0
2034.0,454,458,490,467.0,14776,7.6875,5.0
1993.0,423,467,457,449.0,17493,10.875,10.0
2083.0,512,607,590,570.0,22926,15.0,21.0
1124.0,191,222,243,219.0,9569,11.44444444,16.0
2109.0,454,466,503,474.0,15886,8.0,10.0
1526.0,369,386,419,391.0,15118,11.53333333,20.0
739.0,277,331,321,310.0,12713,5.0882352939999995,5.0
3030.0,294,304,391,330.0,15068,5.127659575,10.0
814.0,244,285,280,270.0,10904,10.77777778,12.0
5528.0,792,981,849,874.0,35530,19.25,25.0
734.0,234,305,225,255.0,10539,5.538461539,12.0
1155.0,418,571,461,483.0,16097,15.0,14.0
1516.0,242,321,293,285.0,10719,22.0,20.0
1239.0,422,422,445,430.0,13128,8.0,12.0
782.0,279,336,339,318.0,12653,8.533333333,5.0
1251.0,305,374,354,344.0,13073,20.77777778,25.0
2749.0,464,472,518,485.0,19318,7.615384615,10.0
1291.0,474,484,489,482.0,15312,7.941176471,7.0
1415.0,138,213,188,180.0,6125,11.45833333,18.0
1330.0,335,343,386,355.0,13951,17.71428571,15.0
925.0,259,293,305,286.0,11314,6.846153846,12.0
1744.0,294,332,310,312.0,11315,39.0,44.0
1082.0,218,278,269,255.0,11739,11.4,25.0
1096.0,286,324,327,312.0,15141,9.796428571,15.0
950.0,294,358,333,328.0,13480,4.285714286,5.0
750.0,0,0,0,0.0,0,22.5,25.0
2593.0,395,473,429,432.0,15398,8.565217391000001,13.0
808.0,201,242,255,233.0,11136,17.17647059,20.0
7077.0,492,808,594,631.0,51280,28.83333333,47.0
984.0,143,143,129,138.0,2864,10.5,10.0
1263.0,414,495,499,469.0,26469,14.83333333,15.0
869.0,328,336,342,335.0,11879,7.333333333,10.0
649.0,171,226,224,207.0,9765,9.214285713999999,12.0
2482.0,555,561,559,558.0,17516,6.590909091,10.0
1596.0,265,319,324,303.0,10075,15.2,25.0
859.0,220,254,264,246.0,12538,7.333333333,5.0
805.0,123,168,173,155.0,6552,8.5,15.0
890.0,191,202,274,222.0,10191,13.66666667,11.0
1616.0,387,453,428,423.0,24381,25.0,25.0
2728.0,470,472,559,500.0,16285,20.0,20.0
885.0,352,381,435,389.0,18503,5.9375,4.0
468.0,149,163,192,168.0,7827,4.409090909,5.0
1041.0,189,238,211,213.0,9188,12.5,25.0
734.0,237,337,305,293.0,11550,11.66666667,10.0
475.0,148,181,171,167.0,6334,6.7,5.0
4052.0,783,826,827,812.0,32609,7.2,12.0
1315.0,478,500,516,498.0,17763,9.571428571,10.0
1166.0,208,223,241,224.0,6854,8.058823529,20.0
931.0,273,278,288,280.0,8650,25.0,10.0
2448.0,580,602,587,590.0,18247,3.25,7.0
1360.0,340,425,422,396.0,19213,6.375,10.0
1010.0,294,322,329,315.0,15425,18.0,5.0
648.0,273,302,304,293.0,12893,5.0,5.0
895.0,332,347,368,349.0,18324,7.125,10.0
1077.0,214,256,261,244.0,10197,26.375,20.0
2920.0,412,421,461,431.0,16335,38.66666667,25.0
1296.0,303,339,323,322.0,11637,22.5,20.0
1249.0,366,363,391,373.0,13229,4.833333333,5.0
1004.0,285,305,333,308.0,13339,5.92,6.0
2996.0,595,649,641,628.0,22684,13.65517241,16.0
544.0,115,185,152,151.0,6854,5.0,5.0
1227.0,265,305,309,293.0,11854,15.0,25.0
1004.0,359,370,392,374.0,13482,7.5,10.0
1126.0,313,321,351,328.0,10419,16.78571429,23.0
1300.0,252,257,281,263.0,12806,20.0,20.0
728.0,215,250,264,243.0,10674,8.733333333,10.0
1823.0,229,298,276,268.0,10841,9.303030303,11.0
2057.0,472,488,560,507.0,20587,8.388888889,10.0
3227.0,620,754,617,664.0,29524,5.272727273,5.0
786.0,293,309,324,309.0,10516,8.294117647,10.0
1195.0,330,392,380,367.0,12862,8.428571429,20.0
4381.0,494,609,543,549.0,22770,20.0,20.0
1200.0,368,412,468,416.0,24073,12.5,21.0
1137.0,405,410,431,415.0,14237,12.83333333,15.0
3113.0,313,366,388,356.0,23850,10.0,10.0
1155.0,204,241,251,232.0,12915,15.4,15.0
3230.0,153,293,256,234.0,15290,9.75,16.0
5404.0,1106,1195,1086,1129.0,42857,7.444444444,15.0
1115.0,334,351,496,394.0,25715,6.25,9.0
300.0,232,280,271,261.0,10744,2.260869565,2.0
2168.0,339,383,334,352.0,11745,21.0,23.0
555.0,166,208,215,196.0,7997,6.666666667,5.0
3757.0,1012,963,993,989.0,41173,16.25,20.0
1008.0,386,421,488,432.0,23053,7.666666667,5.0
2055.0,407,409,489,435.0,21937,18.33333333,25.0
934.0,167,205,216,196.0,8739,10.28571429,15.0
1495.0,496,605,585,562.0,23741,12.0,20.0
2183.0,771,804,853,809.0,39170,7.736842105,10.0
1493.0,596,596,591,594.0,19287,9.0,12.0
3000.0,451,526,481,486.0,17470,13.14285714,20.0
1285.0,473,497,477,482.0,16227,9.375,15.0
1042.0,237,404,297,313.0,11962,12.0,17.0
1579.0,280,249,315,281.0,6474,8.0,10.0
2527.0,447,584,520,517.0,25039,42.08333333,50.0
1708.0,599,634,649,627.0,21114,8.296296296,15.0
751.0,243,265,282,263.0,10964,8.666666667000001,9.0
1434.0,366,408,400,391.0,15041,15.0,21.0
1035.0,459,393,445,432.0,8656,13.58333333,15.0
1158.0,298,301,327,309.0,10331,14.77777778,20.0
993.0,287,313,314,305.0,11982,20.0,20.0
633.0,198,231,245,225.0,9290,4.833333333,5.0
1546.0,264,296,339,300.0,11851,7.5,10.0
1504.0,205,254,227,229.0,15860,19.875,27.0
1143.0,428,431,421,427.0,12010,15.0,20.0
760.0,294,313,303,303.0,9540,7.291666667,7.0
984.0,383,409,382,391.0,12532,8.214285713999999,5.0
846.0,376,407,377,387.0,13495,5.46,5.0
1440.0,304,334,353,330.0,12933,22.22222222,25.0
943.0,340,399,355,365.0,13167,6.862068966,13.0
1350.0,210,220,252,227.0,7629,5.7,6.0
1269.0,329,351,397,359.0,14391,15.0,15.0
1594.0,437,450,456,448.0,17090,12.85714286,20.0
1023.0,256,296,295,282.0,10311,11.0,20.0
1005.0,279,340,349,323.0,10716,4.785714286,20.0
615.0,200,181,225,202.0,7976,8.388888889,8.0
2188.0,342,413,374,376.0,21795,12.6875,16.0
3259.0,404,434,500,446.0,19718,9.444444444,10.0
1432.0,436,436,486,453.0,12734,25.0,30.0
6746.0,644,1177,785,869.0,100528,30.66666667,30.0
430.0,249,282,277,269.0,10337,3.6,5.0
2346.0,325,421,347,364.0,14795,22.5,25.0
418.0,268,281,267,272.0,9838,6.625,4.0
1570.0,268,321,336,308.0,13147,7.375,30.0
2997.0,409,486,402,432.0,16946,9.9,20.0
1705.0,323,334,348,335.0,14923,5.714285714,7.0
2176.0,293,316,351,320.0,12438,13.42857143,19.0
1211.0,396,422,425,414.0,15429,6.466666667,15.0
1671.0,313,342,411,355.0,20659,6.368421053,7.0
1868.0,354,453,385,397.0,13991,22.0,25.0
1244.0,140,161,175,159.0,13810,25.0,25.0
3873.0,609,608,694,637.0,35239,16.66666667,20.0
834.0,345,359,397,367.0,9317,5.0,5.0
1334.0,327,339,404,357.0,15094,10.0,21.0
825.0,333,346,364,348.0,12885,6.923076922999999,10.0
1304.0,256,295,304,285.0,11126,10.54761905,30.0
410.0,159,176,226,187.0,9167,5.956521738999999,5.0
6267.0,931,1445,957,1111.0,91576,9.84375,15.0
1103.0,263,464,367,365.0,18856,8.3,15.0
1154.0,275,345,324,315.0,13618,20.0,20.0
792.0,131,199,200,177.0,6858,13.0,12.5
4293.0,1245,1474,1065,1261.0,83519,10.33333333,24.0
753.0,208,264,288,253.0,12038,5.0,5.0
5390.0,738,963,797,833.0,50907,11.0,13.0
1653.0,462,473,497,477.0,17989,15.0,15.0
860.0,301,336,371,336.0,13747,7.6111111110000005,10.0
1550.0,218,459,328,335.0,13293,8.65,10.0
1182.0,174,230,223,209.0,8763,11.1,25.0
1058.0,388,412,418,406.0,12449,9.5,12.0
636.0,196,222,229,216.0,8008,8.230769231,10.0
862.0,261,271,321,284.0,14473,10.18181818,10.0
1439.0,313,320,343,325.0,12601,13.16666667,25.0
1662.0,724,754,714,731.0,23403,6.5625,10.0
1648.0,352,372,369,364.0,13998,10.0,30.0
833.0,218,333,252,268.0,15188,5.56097561,7.0
2013.0,280,272,329,294.0,6221,10.4,19.0
1697.0,362,452,384,399.0,13649,20.41666667,40.0
2032.0,253,289,312,285.0,13519,12.28571429,40.0
607.0,107,150,185,147.0,5912,13.33333333,15.0
1101.0,292,339,333,321.0,12912,13.38888889,17.0
1097.0,207,250,254,237.0,10030,20.0,20.0
1151.0,361,407,390,386.0,13805,7.6363636360000005,12.0
2203.0,198,186,220,201.0,6972,3.8125,4.0
1932.0,359,430,386,392.0,18266,19.43243243,25.0
803.0,212,244,250,235.0,10311,4.833333333,6.0
741.0,237,272,270,260.0,12781,9.4,10.0
921.0,275,340,332,316.0,16258,6.8666666670000005,8.0
928.0,375,406,429,403.0,15234,7.80952381,12.0
1131.0,387,422,428,412.0,13753,15.0,15.0
1502.0,570,621,620,604.0,25295,4.545454546,5.0
1869.0,661,697,700,686.0,23212,9.0,15.0
1616.0,235,246,278,253.0,12496,20.0,20.0
964.0,319,321,342,327.0,11517,7.666666667,9.0
828.0,237,272,292,267.0,11033,7.4,8.0
1755.0,612,639,653,635.0,20398,9.0,20.0
699.0,211,259,249,240.0,9617,6.2,10.0
975.0,267,270,295,277.0,8354,20.0,20.0
1514.0,394,450,444,429.0,19272,11.25,15.0
710.0,309,375,276,320.0,11438,5.5,6.0
1390.0,395,496,436,442.0,19153,5.375,5.0
438.0,64,60,93,72.0,4236,5.45,6.0
1081.0,172,218,227,206.0,9264,15.0,20.0
474.0,139,203,212,185.0,8615,3.6590909089999997,3.0
822.0,435,478,462,458.0,15391,5.52173913,5.0
2054.0,205,222,288,238.0,19336,17.09090909,25.0
937.0,248,287,286,274.0,10792,12.72727273,15.0
791.0,227,323,276,275.0,14229,11.84615385,10.0
1938.0,270,338,328,312.0,16434,5.1052631580000005,5.0
1197.0,250,268,284,267.0,10525,15.73333333,26.0
946.0,357,365,354,359.0,13882,12.0,10.0
3047.0,512,550,562,541.0,20184,11.83333333,25.0
587.0,251,294,291,279.0,11934,12.92857143,11.0
1438.0,160,164,223,182.0,8591,15.0,15.0
355.0,189,221,217,209.0,8737,5.166666667,5.0
634.0,212,259,259,243.0,10385,14.72,10.0
1560.0,479,526,548,518.0,19518,15.2,20.0
1079.0,256,339,319,305.0,15293,10.33333333,15.0
1814.0,522,542,540,535.0,17163,25.0,30.0
2589.0,631,647,657,645.0,22571,9.769230769,10.0
708.0,254,292,303,283.0,8051,4.9375,10.0
1053.0,387,432,417,412.0,17356,25.0,10.0
1626.0,278,309,310,299.0,13033,15.0,25.0
1440.0,364,416,450,410.0,18273,17.89473684,24.0
777.0,306,315,333,318.0,11279,4.85,2.0
1024.0,476,529,511,505.0,20261,14.4,3.0
1123.0,293,335,296,308.0,12900,11.5,15.0
3242.0,517,575,621,571.0,23627,15.0,15.0
1747.0,264,360,388,337.0,23026,4.1,3.0
958.0,357,382,382,374.0,13378,3.592592593,3.0
1205.0,396,454,426,425.0,15062,20.0,20.0
1434.0,481,504,560,515.0,18586,7.0,12.0
1310.0,296,384,340,340.0,14237,15.0,25.0
1255.0,324,379,397,367.0,12645,7.264347826,10.0
1038.0,258,310,293,287.0,11512,12.5,15.0
1398.0,234,252,297,261.0,10082,20.0,20.0
738.0,201,257,242,233.0,8303,15.61538462,10.0
3367.0,507,504,538,516.0,16165,12.11764706,22.0
1353.0,250,307,332,296.0,13240,9.333333332999999,18.0
604.0,192,256,230,226.0,9497,4.8636363639999995,6.0
4550.0,299,301,363,321.0,12365,5.75,10.0
2456.0,331,319,419,356.0,24742,11.625,10.0
756.0,326,326,353,335.0,11310,8.333333332999999,6.0
1290.0,0,0,0,0.0,0,38.0,43.0
3389.0,436,594,584,538.0,35502,15.0,25.0
1604.0,672,713,743,709.0,25036,9.9375,12.0
1113.0,180,206,207,198.0,7610,15.0,21.0
1091.0,356,384,357,366.0,12961,16.125,20.0
1086.0,339,354,349,347.0,11296,11.33333333,10.0
4790.0,982,1311,954,1082.0,68148,12.0,19.0
2587.0,369,481,433,428.0,18370,23.0,23.0
1652.0,442,506,519,489.0,22287,18.26666667,24.0
1105.0,258,274,314,282.0,13780,19.4,15.0
546.0,210,272,251,244.0,10058,6.296296296,7.0
1378.0,365,430,403,399.0,18128,5.0,7.0
1106.0,304,309,308,307.0,14123,7.35,15.0
3959.0,568,728,648,648.0,28817,19.4,25.0
974.0,242,268,271,260.0,13491,4.428571429,3.0
1533.0,310,347,365,341.0,11450,7.923076922999999,10.0
5539.0,659,1122,807,863.0,72797,9.961538462,13.0
728.0,193,207,195,198.0,6768,8.769230769,11.0
3039.0,581,591,614,595.0,21559,10.25,16.0
1176.0,337,353,403,364.0,15017,7.875,10.0
1499.0,497,541,591,543.0,25862,5.1,11.0
1506.0,304,322,320,315.0,13662,37.5,30.0
900.0,362,377,392,377.0,13652,3.761904762,10.0
1410.0,408,421,455,428.0,15766,12.83333333,20.0
1553.0,267,309,325,300.0,11879,16.57142857,29.0
1703.0,223,292,295,270.0,13175,11.53333333,14.0
941.0,255,331,314,300.0,12302,7.5,15.0
1619.0,370,414,417,400.0,13353,6.125,6.0
661.0,165,172,232,190.0,9324,10.66666667,11.0
2325.0,394,408,425,409.0,14032,13.21428571,20.0
1695.0,275,324,317,305.0,12089,13.33333333,25.0
703.0,197,230,293,240.0,19178,9.705882353,10.0
1139.0,313,320,343,325.0,12601,12.0,15.0
566.0,232,276,274,261.0,9987,5.0,6.0
1004.0,238,279,279,265.0,10659,9.0,15.0
3160.0,481,490,519,497.0,16047,14.42857143,18.0
1007.0,245,282,275,267.0,12951,5.628571429,5.0
1086.0,330,459,399,396.0,16752,8.25,8.0
2177.0,371,418,438,409.0,15962,5.2618518519999995,7.0
1943.0,231,288,281,267.0,11042,36.11111111,50.0
744.0,222,259,259,247.0,10074,9.95,10.0
1498.0,386,426,419,410.0,15377,6.04,5.0
1902.0,324,406,365,365.0,15603,6.071428571,6.0
1125.0,281,301,336,306.0,11946,15.0,10.0
5494.0,756,664,765,728.0,31694,13.0,16.0
1340.0,463,474,512,483.0,9493,11.28571429,15.0
1917.0,558,576,597,577.0,19797,15.0,25.0
1420.0,363,471,429,421.0,17548,6.269230769,5.0
1480.0,309,374,365,349.0,14673,25.0,25.0
881.0,194,209,219,207.0,8888,12.5,15.0
597.0,176,178,185,180.0,5972,21.0,10.0
623.0,187,186,215,196.0,7933,9.0,7.0
2110.0,265,321,362,316.0,17243,6.3,5.0
3843.0,390,609,549,516.0,48235,10.0,17.0
4006.0,735,701,838,758.0,34382,15.85714286,15.0
1149.0,292,327,313,311.0,11100,16.42857143,20.0
638.0,300,314,282,299.0,10516,4.714285714,5.0
1322.0,247,266,277,263.0,16269,12.5,16.0
885.0,244,298,281,274.0,10692,15.0,15.0
1799.0,411,428,465,435.0,18814,21.16666667,15.0
2072.0,455,502,487,481.0,18415,25.0,30.0
3140.0,772,803,848,808.0,29951,8.4,26.0
750.0,326,326,380,344.0,7954,20.0,25.0
6406.0,778,871,830,826.0,50987,20.0,20.0
2458.0,411,516,535,487.0,33235,9.0,10.0
705.0,187,182,216,195.0,7303,11.33333333,10.0
2361.0,583,588,692,621.0,25887,12.5,20.0
2019.0,559,560,577,565.0,20539,6.4,5.0
656.0,191,215,228,211.0,7564,7.272727272999999,8.0
1115.0,169,163,277,203.0,17618,22.83333333,23.0
953.0,239,275,287,267.0,10308,20.0,15.0
900.0,379,417,376,391.0,13988,6.333333333,10.0
1487.0,481,529,534,515.0,17607,11.25,14.0
840.0,194,371,263,276.0,13120,5.0,5.0
1382.0,355,405,408,389.0,14439,3.566666667,2.0
708.0,197,223,239,220.0,7978,10.22692308,12.0
768.0,332,417,387,379.0,18496,5.947368421,6.0
1075.0,341,387,392,373.0,15630,8.375,7.0
1155.0,278,298,341,306.0,22221,11.22222222,16.0
2063.0,350,352,403,368.0,8897,6.548387097000001,15.0
298.0,210,261,261,244.0,11711,3.1818181819999998,3.0
522.0,232,296,255,261.0,10392,4.25,4.0
2194.0,476,505,511,497.0,15286,20.25,23.0
1231.0,219,258,269,249.0,9911,20.0,30.0
1170.0,359,405,413,392.0,15657,12.33333333,15.0
1953.0,396,572,519,496.0,25969,9.857142857000001,15.0
988.0,562,564,582,569.0,18272,12.0,10.0
3552.0,352,344,413,370.0,11235,22.75,46.0
1100.0,264,295,330,296.0,20090,4.1428571430000005,5.0
809.0,248,254,288,263.0,9114,7.142857143,10.0
2514.0,600,606,639,615.0,22914,11.46153846,14.0
3040.0,368,438,500,435.0,25386,6.166666667,8.0
1110.0,374,392,412,393.0,13265,10.125,14.0
798.0,237,263,254,251.0,9172,6.875,10.0
632.0,239,282,287,269.0,11149,5.071428571,5.0
1762.0,529,560,571,553.0,18860,10.83333333,20.0
932.0,170,222,233,208.0,8725,15.0,20.0
1231.0,309,344,362,338.0,15151,9.55,12.0
2172.0,441,534,496,490.0,21300,4.777777778,5.0
1655.0,213,241,269,241.0,10788,19.6,35.0
1306.0,458,478,497,478.0,18209,8.357142857000001,15.0
1144.0,337,392,394,374.0,14874,27.14285714,15.0
1254.0,396,416,438,417.0,16762,13.75,10.0
1279.0,345,394,404,381.0,16592,10.6,15.0
815.0,288,371,338,332.0,11994,4.692307692,4.0
1822.0,385,419,421,408.0,13902,15.0,15.0
1532.0,278,332,353,321.0,14900,17.52941177,26.0
1267.0,381,391,392,388.0,10138,8.416666667000001,10.0
850.0,91,163,166,140.0,10050,5.5,10.0
1603.0,491,524,581,532.0,23656,7.75,8.0
1879.0,332,445,429,402.0,22706,20.83333333,25.0
1100.0,519,525,551,532.0,17872,6.175,7.0
958.0,166,143,206,172.0,7704,11.33333333,10.0
1332.0,305,361,390,352.0,18324,6.9193548389999995,10.0
2821.0,304,313,335,317.0,13047,14.0,30.0
1626.0,367,383,406,385.0,13480,9.0,31.0
700.0,232,279,264,258.0,10504,9.533333333,10.0
929.0,278,328,330,312.0,14570,8.941176471,12.0
1165.0,341,387,392,373.0,15630,6.266666667000001,10.0
761.0,219,239,276,245.0,9321,15.0,15.0
1805.0,366,462,379,402.0,11289,20.8,25.0
926.0,219,280,272,257.0,10966,7.1,15.0
1516.0,423,524,497,481.0,17032,5.5,8.0
4333.0,631,704,671,669.0,29875,5.428571429,5.0
810.0,310,339,333,327.0,12329,6.904761905,8.0
1583.0,319,379,387,362.0,15729,15.0,21.0
2313.0,484,522,537,514.0,17262,4.833333333,5.0
6357.0,1285,1340,1063,1229.0,91205,16.0,15.0
1023.0,293,297,274,288.0,10343,6.055555556,20.0
1809.0,565,624,616,602.0,29290,5.12,5.0
866.0,270,323,326,306.0,12940,8.6,12.0
1015.0,207,264,281,251.0,12419,15.14285714,21.0
1096.0,235,288,291,271.0,14532,12.66666667,12.0
1147.0,197,208,244,216.0,7659,9.666666667000001,15.0
4453.0,643,682,699,675.0,29018,13.69230769,36.0
988.0,186,198,209,198.0,9703,15.0,20.0
1128.0,325,363,375,354.0,12727,7.25,17.0
2480.0,794,843,833,823.0,35252,13.75,25.0
4518.0,753,821,748,774.0,31920,6.4,15.0
463.0,164,183,221,189.0,8467,4.166666667,5.0
1983.0,310,347,365,341.0,11450,27.09090909,25.0
888.0,213,213,265,230.0,7722,26.0,15.0
2080.0,404,582,498,495.0,34592,5.2,6.0
1080.0,278,323,345,315.0,14360,14.14285714,10.0
1071.0,601,611,639,617.0,20169,3.333333333,4.0
1512.0,334,393,375,367.0,14883,8.5625,20.0
487.0,296,344,350,330.0,14902,5.547619048,5.0
3660.0,517,581,576,558.0,22695,12.5,11.0
2019.0,411,565,534,503.0,23251,9.555555556,15.0
785.0,344,382,402,376.0,17697,8.0,10.0
1490.0,472,609,579,553.0,26962,11.66666667,15.0
1381.0,416,636,543,532.0,29273,15.0,15.0
729.0,144,171,184,166.0,7112,21.34545455,15.0
1060.0,205,221,276,234.0,12713,12.85714286,12.0
1356.0,296,377,360,344.0,16729,10.42857143,15.0
1214.0,289,317,335,314.0,16415,15.0,20.0
2542.0,436,505,477,473.0,20447,5.285714286,10.0
960.0,206,239,233,226.0,9463,9.142857142999999,20.0
1524.0,262,273,306,280.0,10522,11.1875,17.0
804.0,338,363,372,358.0,16375,10.0,10.0
1194.0,136,143,218,166.0,11820,20.0,25.0
835.0,82,90,150,107.0,7813,9.533333333,12.0
907.0,356,397,393,382.0,13714,7.666666667,10.0
1255.0,172,190,226,196.0,8875,13.0,21.0
994.0,188,220,227,212.0,8350,25.0,20.0
1500.0,0,0,0,0.0,0,12.5,50.0
1538.0,297,319,344,320.0,15721,14.07142857,20.0
3530.0,372,454,456,427.0,24747,15.0,20.0
909.0,201,257,243,234.0,9672,7.333333333,16.0
1994.0,242,263,302,269.0,11177,20.0,20.0
2141.0,329,351,453,378.0,14811,11.85714286,18.0
677.0,234,252,276,254.0,9657,10.25,10.0
519.0,125,177,183,162.0,6279,12.33333333,10.0
1297.0,435,488,457,460.0,15966,15.33333333,20.0
1119.0,259,275,331,288.0,13539,7.538461539,10.0
967.0,179,220,236,212.0,9389,11.44444444,20.0
2060.0,327,316,411,351.0,11859,20.0,25.0
1314.0,469,472,510,484.0,18042,6.12,8.0
624.0,207,234,266,236.0,9393,6.1111111110000005,9.0
1352.0,410,413,460,428.0,15332,10.0,15.0
1074.0,273,325,330,309.0,12479,7.222222222,6.0
1873.0,335,385,379,366.0,19239,19.625,32.0
2109.0,250,291,290,277.0,10580,3.9085714289999998,50.0
1451.0,297,335,405,346.0,15258,15.5,25.0
3449.0,461,512,496,490.0,16894,12.0,35.0
1119.0,191,221,244,219.0,8579,9.2,21.0
544.0,321,367,349,346.0,15348,3.823529412,5.0
1937.0,400,448,438,429.0,21608,11.66666667,25.0
2484.0,518,580,542,547.0,19818,16.0,20.0
426.0,77,91,119,96.0,4365,6.25,8.0
1486.0,490,536,570,532.0,17633,42.5,20.0
539.0,224,256,250,243.0,8172,7.75,9.0
6320.0,757,815,814,795.0,31488,21.0,26.0
1505.0,511,554,558,541.0,20125,12.625,10.0
1128.0,301,434,355,363.0,14771,5.0,5.0
3139.0,289,358,387,345.0,21395,5.1,5.0
1540.0,203,244,303,250.0,13487,9.7,20.0
1974.0,505,524,528,519.0,16470,28.0,30.0
1103.0,301,341,316,319.0,11838,9.643571429,17.0
1379.0,623,614,650,629.0,20170,27.0,10.0
1942.0,552,558,599,570.0,19488,11.0,20.0
890.0,236,307,296,280.0,12208,9.310344828,12.0
643.0,215,297,238,250.0,9071,5.206896552,5.0
758.0,174,271,241,229.0,12685,3.285714286,3.0
1180.0,137,218,296,217.0,18812,16.0,21.0
1398.0,102,169,187,153.0,12641,5.5,7.0
936.0,354,402,407,388.0,15493,6.8888888889999995,8.0
2456.0,504,523,516,514.0,17132,13.0,20.0
345.0,131,148,159,146.0,5727,4.302325581,5.0
1293.0,198,224,252,225.0,11363,14.42857143,25.0
728.0,140,196,171,169.0,9064,9.769230769,10.0
4567.0,238,399,367,335.0,24222,24.0,31.0
1355.0,586,619,626,610.0,22215,4.5,6.0
985.0,409,422,436,422.0,12546,9.4,10.0
655.0,294,367,314,325.0,11329,4.454545455,3.0
1777.0,392,391,434,406.0,18631,6.5625,7.0
889.0,362,388,371,374.0,13570,10.6,15.0
651.0,225,264,243,244.0,9372,8.058823529,11.0
3268.0,578,827,723,709.0,27653,13.2,30.0
2506.0,523,516,571,537.0,16775,32.33333333,41.0
1023.0,211,291,251,251.0,14513,3.173913044,5.0
1514.0,405,462,404,424.0,12537,4.454545455,8.0
998.0,355,377,393,375.0,13184,8.5,10.0
1672.0,476,519,478,491.0,16332,20.25,27.0
3750.0,164,162,243,190.0,10410,18.0,25.0
1399.0,272,398,341,337.0,14767,16.0,17.0
1126.0,379,409,380,389.0,13487,6.75,15.0
583.0,213,248,258,240.0,10815,2.674418605,3.0
1340.0,407,519,560,495.0,23774,7.16,11.0
1454.0,382,407,406,398.0,14002,22.5,20.0
2652.0,363,478,434,425.0,18059,15.0,10.0
1053.0,173,215,239,209.0,12562,9.857142857000001,15.0
2830.0,330,348,442,373.0,16304,15.16666667,21.0
1316.0,457,458,501,472.0,15079,10.0,15.0
2034.0,607,635,638,627.0,22234,8.571428571,10.0
720.0,217,208,270,232.0,8816,7.625,9.0
2829.0,340,411,475,409.0,23188,13.25,12.0
1242.0,366,374,432,391.0,16287,10.70588235,17.0
933.0,250,295,285,277.0,9846,7.153846154,12.0
1340.0,443,443,493,460.0,14564,12.42142857,10.0
1366.0,416,435,444,432.0,14496,10.9,15.0
1001.0,183,212,238,211.0,8947,9.4,25.0
1331.0,231,267,288,262.0,11794,14.0,25.0
1668.0,312,329,369,337.0,12859,15.33333333,23.0
1257.0,321,341,397,353.0,13796,11.47619048,14.0
2873.0,422,838,611,624.0,37262,17.5,25.0
1019.0,276,315,317,303.0,12795,9.727272727,15.0
567.0,201,205,219,208.0,6651,5.727272727000001,6.0
1024.0,380,443,424,416.0,19961,10.66666667,10.0
1160.0,259,333,295,296.0,11660,14.2,20.0
823.0,452,453,496,467.0,14468,6.666666667,3.0
1840.0,414,579,479,491.0,23368,20.58333333,15.0
921.0,282,307,273,287.0,9015,10.33333333,15.0
806.0,272,339,318,310.0,14010,28.6,5.0
1664.0,457,477,480,471.0,16022,25.57142857,30.0
811.0,370,380,382,377.0,12100,6.6,6.0
5464.0,650,715,782,716.0,50548,8.416666667000001,10.0
1027.0,375,380,389,381.0,15853,9.571428571,15.0
3391.0,654,843,729,742.0,33387,13.55555556,15.0
1422.0,553,547,645,582.0,21032,3.5,3.0
1945.0,446,488,477,470.0,16265,11.94444444,20.0
1688.0,271,317,342,310.0,15627,5.5,5.0
681.0,211,246,249,235.0,10661,2.9444444439999997,3.0
4255.0,615,701,624,647.0,21001,25.0,30.0
632.0,268,326,320,305.0,13261,6.1875,7.0
1605.0,684,695,728,702.0,22931,12.5,15.0
1418.0,300,322,344,322.0,14567,25.83333333,25.0
3462.0,1022,1144,989,1052.0,49631,18.42857143,25.0
1154.0,241,281,288,270.0,9759,10.375,20.0
882.0,361,368,385,371.0,12270,9.666666667000001,10.0
1222.0,479,488,531,499.0,16469,11.05882353,14.0
2833.0,662,833,726,740.0,30627,40.0,25.0
833.0,324,336,337,332.0,12238,9.689655172,10.0
1383.0,450,502,506,486.0,18815,11.125,10.0
1249.0,338,337,349,341.0,12507,8.214285713999999,11.0
1295.0,221,218,243,227.0,8941,7.6,14.0
448.0,234,250,269,251.0,9825,3.857142857,5.0
655.0,180,210,226,205.0,7560,6.321428571,7.0
2976.0,420,446,468,445.0,14552,15.5,21.0
2815.0,195,260,263,239.0,7978,15.0,20.0
798.0,243,284,285,271.0,11462,7.833333333,10.0
1066.0,300,330,328,319.0,11683,12.2631579,20.0
1735.0,273,270,300,281.0,7822,15.0,10.0
4100.0,365,521,486,457.0,27042,20.0,20.0
966.0,303,321,362,329.0,15904,7.3636363639999995,8.0
1292.0,377,375,446,399.0,15608,7.5,15.0
1577.0,465,506,556,509.0,29913,9.857142857000001,12.0
1625.0,272,318,376,322.0,12987,10.25,15.0
6458.0,504,708,575,596.0,36020,16.25,25.0
3000.0,235,338,268,280.0,21321,27.5,25.0
5322.0,691,762,760,738.0,34909,25.0,25.0
1775.0,498,516,536,517.0,21059,12.22222222,21.0
2784.0,352,401,395,383.0,14963,23.0,23.0
1467.0,214,303,295,271.0,12335,9.7,20.0
2576.0,490,503,550,514.0,19138,14.54545455,50.0
1330.0,244,315,285,281.0,11630,23.33333333,30.0
1725.0,401,463,464,443.0,28003,25.0,30.0
522.0,162,200,218,193.0,8791,5.583333333,5.0
1057.0,244,272,278,265.0,9868,9.592592593,20.0
887.0,279,337,321,312.0,12466,9.074074074,11.0
1130.0,296,313,291,300.0,8662,12.14285714,21.0
514.0,144,143,193,160.0,7571,3.086956522,5.0
1635.0,398,578,446,474.0,19790,17.18181818,23.0
1203.0,333,393,371,366.0,14164,12.57142857,15.0
1223.0,373,481,402,419.0,16271,6.818181817999999,10.0
300.0,0,0,0,0.0,0,8.777777777999999,10.0
1617.0,311,323,356,330.0,15108,7.333333333,5.0
2951.0,523,545,543,537.0,19319,33.0,30.0
1658.0,571,594,616,594.0,20295,15.0,15.0
1240.0,376,404,384,388.0,12455,14.0,20.0
900.0,477,485,488,483.0,16525,3.1136363639999995,4.0
2711.0,631,638,713,661.0,21434,6.7,13.0
1540.0,335,408,404,382.0,17478,16.0,20.0
2466.0,415,402,457,425.0,16471,8.095238095,10.0
1053.0,390,411,399,400.0,12683,16.33333333,16.0
645.0,244,300,278,274.0,11022,44.7,7.0
783.0,215,260,266,247.0,9722,11.08333333,11.0
2472.0,506,548,469,508.0,19463,4.431034483,5.0
982.0,267,315,297,293.0,10488,14.22222222,17.0
1972.0,269,230,365,288.0,6778,8.470588235,5.0
1559.0,303,319,342,321.0,11303,16.33333333,25.0
1023.0,393,437,413,414.0,16377,16.28571429,15.0
3983.0,684,753,714,717.0,26104,16.81818182,25.0
1152.0,364,393,408,388.0,15238,7.933333332999999,10.0
2518.0,576,617,604,599.0,20066,9.857142857000001,12.0
942.0,224,264,248,245.0,8866,8.0,16.0
1516.0,338,419,383,380.0,19463,20.0,20.0
1175.0,85,181,137,134.0,10792,15.0,25.0
1462.0,360,480,388,409.0,12391,20.0,30.0
936.0,237,261,274,257.0,10474,11.82352941,15.0
654.0,221,243,251,238.0,7653,5.777777778,7.0
2028.0,301,277,322,300.0,9201,25.0,20.0
739.0,134,189,168,164.0,7525,5.666666667,10.0
3509.0,878,897,934,903.0,35266,5.8,5.0
1912.0,600,639,627,622.0,21328,15.0,15.0
1253.0,423,512,467,467.0,19029,11.66666667,15.0
919.0,222,241,257,240.0,10469,10.875,15.0
630.0,0,0,0,0.0,0,15.0,21.0
1039.0,309,402,405,372.0,17709,10.42857143,10.0
2322.0,459,475,561,498.0,18855,18.42105263,24.0
1462.0,373,375,378,375.0,10064,17.5,30.0
1158.0,388,418,429,412.0,19457,7.785714286,10.0
6091.0,782,835,814,810.0,34593,9.846153846,10.0
1326.0,302,334,326,321.0,12484,10.66666667,20.0
864.0,324,463,383,390.0,16087,4.571428571,5.0
1439.0,324,356,370,350.0,12916,19.52380952,25.0
500.0,173,220,241,211.0,9613,3.52631579,5.0
1155.0,257,267,345,290.0,14500,10.0,10.0
1464.0,420,411,455,429.0,15376,4.285714286,7.0
748.0,264,614,330,403.0,24728,11.66666667,10.0
4783.0,603,731,666,667.0,30123,18.75,23.0
2158.0,450,471,478,466.0,18048,16.2,19.0
2739.0,771,790,817,793.0,27373,18.33333333,25.0
1035.0,212,258,286,252.0,13218,10.75,15.0
692.0,171,172,228,190.0,10735,4.4,5.0
1328.0,548,559,562,556.0,16037,6.0,5.0
942.0,271,284,306,287.0,9453,6.142857143,10.0
300.0,0,0,0,0.0,0,10.5,10.0
1189.0,378,384,410,391.0,15300,16.0,20.0
1594.0,340,373,356,356.0,12280,20.0,25.0
781.0,195,288,255,246.0,11368,10.0,15.0
1027.0,71,141,121,111.0,6671,10.75,20.0
1215.0,380,414,408,401.0,14936,6.5,10.0
1229.0,403,420,418,414.0,15864,7.833333333,10.0
1045.0,165,154,200,173.0,7220,12.0,17.0
744.0,260,296,288,281.0,11387,8.958333332999999,10.0
4619.0,540,670,570,593.0,24535,11.85714286,15.0
2117.0,221,247,249,239.0,9366,24.22222222,50.0
2621.0,631,638,713,661.0,21434,5.875,10.0
808.0,204,240,242,229.0,8472,8.0,11.0
1644.0,366,318,458,381.0,22427,13.16666667,20.0
5732.0,655,757,721,711.0,38854,19.73684211,20.0
1644.0,423,481,452,452.0,19549,11.5,25.0
1399.0,429,448,420,432.0,15387,11.66666667,15.0
4198.0,612,610,664,629.0,29477,19.6,37.0
4509.0,870,886,878,878.0,34835,20.0,20.0
1389.0,296,324,328,316.0,12998,8.826086957000001,10.0
2491.0,558,573,630,587.0,21988,16.42857143,32.0
893.0,163,180,207,183.0,9520,12.5,10.0
1018.0,359,384,399,381.0,14270,2.3157894740000002,5.0
955.0,304,275,353,311.0,14465,5.166666667,7.0
1123.0,180,219,229,209.0,9273,18.33333333,25.0
987.0,255,250,274,260.0,12378,12.84615385,25.0
3447.0,560,630,649,613.0,31137,28.75,50.0
2203.0,308,346,445,366.0,24259,12.66666667,20.0
978.0,478,506,487,490.0,16643,4.75,5.0
1605.0,511,650,605,589.0,35196,7.583333333,10.0
977.0,171,199,219,196.0,21980,16.66666667,20.0
847.0,378,404,408,397.0,14642,8.266666667,10.0
1135.0,237,305,306,283.0,11659,10.0,15.0
6025.0,610,763,698,690.0,53158,5.606060606000001,10.0
2069.0,330,382,410,374.0,16587,17.5,10.0
845.0,350,482,395,409.0,12831,12.5,5.0
2970.0,550,617,576,581.0,19233,25.0,25.0
1271.0,259,298,304,287.0,10613,11.66666667,15.0
2611.0,349,507,529,462.0,25565,16.25,25.0
1363.0,212,245,294,250.0,11792,11.83333333,25.0
698.0,171,200,227,199.0,10255,7.75,11.0
2282.0,421,560,505,495.0,24772,20.0,35.0
1119.0,371,432,407,403.0,15719,4.720588235,10.0
2714.0,430,441,404,425.0,16795,11.0,15.0
878.0,242,306,279,276.0,12451,9.857142857000001,10.0
1163.0,250,260,294,268.0,9546,11.0,16.0
2398.0,417,476,450,448.0,20544,11.0,10.0
1041.0,442,446,439,442.0,13070,8.714285713999999,5.0
947.0,353,370,361,361.0,14044,8.714285713999999,8.0
1354.0,290,315,303,303.0,10677,16.0,20.0
1188.0,332,379,387,366.0,16613,11.0,15.0
1725.0,261,335,325,307.0,13670,13.0,25.0
1387.0,416,420,416,417.0,14118,11.22222222,13.0
1744.0,380,382,407,390.0,9685,5.0,4.0
510.0,206,266,252,241.0,9936,15.28571429,5.0
2342.0,335,365,367,356.0,15290,13.0,13.0
1133.0,489,496,571,519.0,20399,6.733333332999999,7.0
1642.0,322,421,378,374.0,16155,13.0,20.0
850.0,157,173,215,182.0,6493,12.5,10.0
1071.0,231,237,272,247.0,6184,11.66666667,15.0
1473.0,503,625,562,563.0,21302,8.931034483,10.0
548.0,216,258,275,250.0,11289,15.0,5.0
901.0,243,263,255,254.0,10702,16.0,17.0
938.0,287,372,376,345.0,17175,6.4,8.0
1652.0,374,367,505,415.0,20810,18.75,25.0
468.0,193,211,237,214.0,8898,9.266666667,9.0
3831.0,744,880,812,812.0,50146,11.33333333,10.0
1291.0,284,294,319,299.0,11852,17.16,20.0
2362.0,460,545,548,518.0,23187,14.625,32.0
1364.0,252,279,300,277.0,13321,8.533333333,13.0
1459.0,403,459,485,449.0,21035,29.0,25.0
3803.0,504,613,620,579.0,24127,20.0,35.0
607.0,159,169,204,177.0,7110,10.55172414,10.0
540.0,0,0,0,0.0,0,10.25,18.0
1545.0,159,197,233,196.0,9775,20.0,40.0
4115.0,544,525,655,575.0,27608,17.5,25.0
5972.0,799,906,843,849.0,40664,15.0,25.0
2401.0,495,534,475,501.0,18663,19.47058824,20.0
673.0,314,330,327,324.0,11799,3.0625,5.0
917.0,129,322,200,217.0,9955,5.88,10.0
801.0,336,415,395,382.0,15058,3.578947368,5.0
602.0,193,256,230,226.0,9283,5.0,5.0
1065.0,301,366,322,330.0,17572,3.407407407,3.0
1186.0,262,293,321,292.0,12780,15.0,15.0
1745.0,717,780,704,734.0,27276,6.1,6.0
1609.0,361,442,440,414.0,15076,12.4,30.0
922.0,366,464,421,417.0,14538,8.0,8.0
809.0,373,377,410,387.0,12992,15.0,10.0
1680.0,282,353,332,322.0,13859,5.24,6.0
2018.0,328,406,375,370.0,17761,10.19047619,15.0
1039.0,408,483,468,453.0,16268,3.72,5.0
1774.0,244,284,303,277.0,11060,48.52941177,36.0
971.0,123,168,236,176.0,8046,9.462962962999999,11.0
2790.0,427,502,496,475.0,15703,4.714285714,4.0
1098.0,531,530,585,549.0,19537,5.484848485,5.0
889.0,289,318,294,300.0,12204,11.8,10.0
2997.0,767,863,866,832.0,39319,6.25,6.0
4945.0,750,770,749,756.0,23146,51.42857143,50.0
784.0,129,152,192,158.0,6801,10.4,20.0
1039.0,215,222,260,232.0,10427,12.8,14.0
730.0,168,292,232,231.0,11377,3.545454546,3.0
1243.0,464,465,435,455.0,15214,10.0,10.0
936.0,246,268,297,270.0,14448,8.958333332999999,6.0
1175.0,119,188,142,150.0,9084,8.0,10.0
941.0,354,370,398,374.0,14555,5.304347826,7.0
2312.0,364,425,407,399.0,17677,3.777777778,4.0
2121.0,662,664,700,675.0,23530,9.2,15.0
891.0,214,239,270,241.0,9788,6.263157895,9.0
1393.0,412,403,435,417.0,15479,11.56,15.0
1382.0,203,229,241,224.0,10129,3.714285714,5.0
1575.0,205,138,281,208.0,21600,6.458333333,15.0
1369.0,267,320,318,302.0,11849,8.222222222000001,10.0
1181.0,357,401,413,390.0,13548,6.6,12.0
6349.0,1054,1220,1058,1111.0,52654,30.94117647,38.0
512.0,202,283,245,243.0,9358,7.666666667,7.0
1484.0,511,511,656,559.0,30595,15.0,15.0
3099.0,442,448,573,488.0,24413,25.4,35.0
790.0,318,358,354,343.0,12457,4.958333333,4.0
929.0,215,223,249,229.0,9279,4.037037037,5.0
180.0,0,0,0,0.0,0,5.230769231,6.0
1112.0,190,237,248,225.0,9317,20.0,20.0
2793.0,364,385,412,387.0,19087,9.666666667000001,25.0
2371.0,349,401,417,389.0,14846,26.57142857,43.0
1174.0,419,462,457,446.0,17263,12.7,10.0
6175.0,610,763,698,690.0,53158,9.923076923,15.0
1567.0,321,441,433,398.0,18567,15.0,21.0
2541.0,433,412,474,440.0,12296,13.65217391,20.0
708.0,243,284,285,271.0,11462,5.166666667,7.0
1962.0,298,354,365,339.0,15314,14.66666667,25.0
1575.0,284,288,317,296.0,18892,20.46153846,30.0
1560.0,529,552,516,532.0,18107,14.68421053,12.0
1111.0,410,424,435,423.0,16017,3.875,4.0
716.0,218,242,249,236.0,11438,5.6,5.0
1569.0,735,783,720,746.0,29612,5.25,4.0
1213.0,255,260,312,276.0,14023,8.372790698,5.0
6725.0,1500,1500,1311,1437.0,90600,22.2,25.0
1188.0,257,288,285,277.0,10225,19.0,20.0
838.0,121,173,169,154.0,9299,9.307692308,10.0
2036.0,308,347,338,331.0,11970,25.0,20.0
2449.0,473,688,648,603.0,25255,13.375,18.0
725.0,209,212,247,223.0,8620,4.428571429,5.0
968.0,302,397,345,348.0,15112,5.642857143,5.0
772.0,166,218,257,214.0,8760,9.777777777999999,10.0
1132.0,310,338,348,332.0,11972,10.0,10.0
940.0,147,178,217,181.0,7173,10.2,20.0
2801.0,545,613,612,590.0,22696,15.0,21.0
4827.0,213,376,224,271.0,11264,13.0,22.0
1240.0,229,271,275,258.0,10200,22.5,25.0
3432.0,609,660,635,635.0,21687,7.235294118,15.0
796.0,234,218,260,237.0,9429,7.619047619,10.0
716.0,202,274,236,237.0,10581,23.85294118,8.0
1146.0,354,402,407,388.0,15493,10.5,15.0
2101.0,366,385,369,373.0,12255,4.619047619,5.0
2792.0,608,659,704,657.0,27443,9.5,30.0
1475.0,280,317,343,313.0,15917,7.0,20.0
1156.0,349,361,383,364.0,12807,11.66666667,17.0
1799.0,370,418,436,408.0,23716,12.5,15.0
992.0,382,406,419,402.0,15021,8.227272727,10.0
1403.0,327,364,350,347.0,13079,17.0,25.0
1434.0,389,398,423,403.0,17338,8.0,20.0
2230.0,773,789,816,793.0,33069,3.761904762,3.0
490.0,136,150,165,150.0,7061,3.6,5.0
5743.0,420,420,616,485.0,12070,11.33333333,17.0
1377.0,378,386,396,387.0,14106,17.8,20.0
806.0,379,399,432,403.0,14680,2.583333333,3.0
871.0,243,307,295,282.0,13144,9.166666667000001,10.0
1381.0,483,512,544,513.0,19553,5.2,7.0
1540.0,351,433,388,391.0,14537,4.5,4.0
833.0,212,218,312,247.0,10305,13.0,20.0
906.0,509,530,461,500.0,15017,6.875,10.0
1178.0,172,188,230,197.0,8494,12.5,15.0
647.0,205,230,244,226.0,9938,6.538461539,10.0
150.0,132,147,178,152.0,9308,4.5,5.0
1670.0,165,306,267,246.0,11619,15.0,30.0
669.0,247,273,291,270.0,11266,8.0,5.0
1101.0,241,278,283,267.0,9113,14.0,25.0
1556.0,348,344,412,368.0,13177,11.44444444,20.0
660.0,280,314,325,306.0,11330,5.340909091,3.0
1837.0,397,409,435,414.0,15850,11.33333333,17.0
1591.0,409,472,459,447.0,14154,15.0,23.0
632.0,213,246,256,238.0,9892,8.142857142999999,10.0
583.0,225,274,278,259.0,11650,3.6875,4.0
1100.0,272,438,381,364.0,30968,12.05555556,20.0
