gender,median_home_val,ic2,ic3,avggift,target_d
M,1158.437751,430,466,28,100
M,537,415,410,5.666666667,7
F,725,340,361,4.111111111,5
M,1158.437751,407,399,27.27777778,38
F,995,280,316,6,5
M,764,477,480,25.57142857,30
M,890,525,551,6.175,7
F,1158.437751,206,235,8.818181818,10
F,1569,672,785,13,5
F,3515,565,549,8.64,10
F,1026,470,491,11.25,10
F,890,474,512,11.28571429,15
F,1513,599,615,18.5,28
F,948,365,368,15,15
F,258,60,93,5.45,6
F,1040,609,579,11.66666667,15
F,603,264,288,5,5
F,526,336,317,7.142857143,10
M,717,458,349,9.7,25
M,1011,588,650,6.5,15
M,1063,260,312,8.372790698,5
M,291,168,180,10.61111111,10
M,1538,317,342,5.5,5
F,592,341,306,12.5,5
M,871,385,365,7.857142857,10
M,403,240,201,8,10
F,715,378,371,6,7.5
F,2346,446,468,15.5,21
M,559,270,257,12.61111111,20
M,1158.437751,457,450,12.25,20
F,596,168,181,16.5,15
M,706,376,379,15,25
F,878,517,433,10.13333333,16
F,1275,453,500,6.6,10
F,2362,632,655,8.928571429,5
M,2531,730,696,8.272727273,11
F,2089,296,322,7.125,5
F,832,338,348,10,10
M,1458,354,356,6.181818182,10
F,1590,238,262,13.5,15
F,613,245,294,11.83333333,25
F,477,282,292,5.875,10
F,424,256,230,4.863636364,6
M,383,256,359,13.82352941,15
M,688,466,457,11.06666667,18
M,3500,260,463,15.66666667,24
F,2143,353,328,9.260869565,14
F,625,466,362,14.09090909,20
M,1560,488,487,15,21
F,1247,313,350,26.33333333,41
M,611,323,302,15,20
F,1431,390,315,13,5
F,1089,520,480,5.2,16
F,435,298,281,15,15
F,1409,405,377,12.66666667,12
M,647,422,401,9.5,10
M,415,308,242,8.333333333,10
F,492,384,276,8.75,14
M,1043,682,731,13.25,20
M,3668,693,781,15,15
M,3491,828,853,20,20
F,192,211,186,5.866666667,10
M,0,0,0,20.26086957,25
F,428,318,245,11.25,10
F,417,283,160,7.75,11
F,399,315,336,6.818181818,16
F,2377,637,652,9.111111111,10
F,2016,465,459,8.75,15
F,933,332,349,8.142857143,7
F,619,222,260,12.8,14
F,3303,568,586,14,25
F,960,526,548,15.2,20
M,1236,630,727,6.076923077,10
M,473,179,207,5.5,6
F,1055,462,379,20.8,25
F,1509,617,599,9,11
F,1953,526,478,15.5,10
M,927,322,372,5,26
F,2098,311,352,6.076923077,10
M,5209,1220,1058,30.94117647,38
F,476,280,272,7.1,15
M,1515,684,717,14,14
M,2158,516,535,7.933333333,9
M,1110,544,538,7.264705882,10
F,581,361,359,9.857142857,15
M,563,301,308,10.18181818,14
F,740,288,294,5,5
F,516,378,347,12.33333333,15
M,575,282,290,10,20
M,2357,540,570,13.66666667,19
M,645,360,306,10.875,25
M,825,239,290,20,20
M,531,278,272,5.375,5
F,195,148,159,4.302325581,5
F,423,297,274,6.055555556,20
F,2725,684,662,15,30
F,359,247,270,20,20
F,1373,463,504,28.33333333,40
F,889,488,450,5.846153846,6
M,824,274,288,10.15384615,10
M,1993,472,484,10.83333333,15
F,618,310,302,10.25,30
F,3259,626,508,7.666666667,10
F,151,208,230,2.361111111,2
M,492,370,317,14.57142857,20
F,948,530,585,5.484848485,5
F,717,313,235,24.16666667,20
M,612,326,392,12.1,22
F,919,337,349,8.214285714,11
M,5059,752,751,10.6,25
M,5667,808,594,28.83333333,47
F,2750,701,717,11.44444444,15
F,513,434,436,6.07675,11
F,1848,515,560,5.684210526,7
M,1417,341,519,14.11111111,10
F,347,255,229,8.076923077,20
M,994,475,485,13.77777778,25
F,3542,690,807,6.642857143,10
M,797,418,423,7.769230769,23
M,791,407,390,7.636363636,12
F,957,399,450,15,10
F,357,214,215,25,25
F,896,362,389,20,20
F,402,249,276,4.833333333,5
M,3083,270,233,2.916666667,3
F,460,357,300,9.363636364,5
M,294,355,391,17.5,20
F,1199,556,597,10,15
F,1125,336,305,5.714285714,7
M,974,279,300,8.533333333,13
M,316,238,254,12.5,15
F,825,463,464,25,30
F,642,284,306,6.142857143,10
M,1263,517,548,7.6875,10
F,1809,466,503,8,10
M,5294,1165,1012,13,30
F,1161,484,536,5.75,6
F,295,203,195,6.333333333,8
F,3020,765,809,40.08333333,75
F,431,342,386,8.571428571,16
F,544,283,326,11,25
M,618,278,278,7.846153846,10
M,323,207,201,5.444444444,10
M,1104,528,534,13,10
M,671,365,372,4.888888889,16
F,510,370,324,10.8,23
F,650,302,315,8.666666667,21
F,487,287,286,12.72727273,15
F,2925,305,353,7.523809524,10
M,884,268,271,4.428571429,3
F,753,393,373,8.4,10
F,594,350,343,2.571428571,2
F,3149,601,562,10.71428571,20
F,5266,675,669,9.2,10
M,1401,445,462,5,6
M,593,180,207,12.5,10
F,915,357,367,13,20
F,456,311,314,7.285714286,10
M,610,336,384,4.625,7
M,1229,502,507,8.4,5
M,428,196,171,9.769230769,10
F,2333,643,420,7.307692308,10
M,707,400,398,9.333333333,45
F,377,199,219,16.66666667,20
F,348,269,264,27.5,30
F,1878,526,564,6.785652174,5
F,777,386,396,17.8,20
F,1463,439,266,12.16666667,15
M,375,214,206,5.347826087,12
F,561,301,323,19.66666667,26
M,502,250,229,7.875,10
M,4206,804,834,12.66666667,10
M,800,398,338,16.6,23
M,1472,653,687,15.21428571,21
F,492,450,425,8.4375,10
F,609,347,349,6.666666667,10
F,2430,610,659,9.5,20
M,2559,591,614,10.25,16
F,696,357,358,3.3,3
M,762,355,327,6.608695652,8
F,3556,701,838,15.85714286,15
F,441,321,300,5.279069767,7
F,502,363,341,15.66666667,20
M,673,330,335,13.45454546,15
F,1173,424,407,4.125,3
F,934,373,376,25,25
M,1332,411,422,9.576923077,20
F,451,261,262,15,10
F,649,273,272,5.411764706,8
F,590,439,433,13,11
F,500,316,314,11.5,25
M,368,271,261,10.7,19
M,427,365,340,9,15
F,1458,191,220,4.243243243,8
M,274,214,199,40.875,200
F,584,287,336,11.14285714,10
F,553,309,333,8.916666667,10
M,903,406,358,6.75,7
M,2545,304,386,12.5,17
F,1778,480,439,39.44444444,50
F,1187,366,393,10.81481482,10
F,1448,667,698,7.076923077,13
M,1432,693,680,25,150
F,2598,557,562,8.222222222,15
F,2855,385,484,6.538461539,20
F,535,437,317,9.8125,15
M,662,406,394,12.5,15
F,2973,591,624,7.25,10
F,2289,647,657,9.769230769,10
F,1274,798,804,6.409090909,10
F,1024,451,446,10.5,32
F,558,354,382,7.5,15
M,717,315,333,4.85,2
F,1667,603,592,13.33333333,20
F,843,424,475,10.72727273,21
F,583,374,405,9.666666667,14
M,1801,534,475,19.47058824,20
F,863,527,459,9.153846154,10
M,335,157,154,4.857142857,7
F,1362,645,627,8.533333333,10
F,700,257,281,20,20
F,562,480,388,20,30
M,1287,508,567,4.105769231,4
F,476,254,272,13,21
M,5939,1211,1080,20,36
F,648,418,357,7,5
M,1862,372,401,17.85714286,20
F,1843,511,575,19,10
M,5190,892,871,9.888888889,20
M,3912,410,404,6,7
F,1537,783,916,11.0625,12
F,719,340,389,10.86666667,11
M,1074,472,510,8.823529412,15
M,298,281,267,6.625,4
M,1951,838,870,9.333333333,20
M,1434,479,513,18,20
M,206,251,267,11.66666667,15
M,613,267,209,17.5,18
F,991,506,532,7.769230769,8
F,900,420,386,13.31818182,25
F,1163,493,511,53,25
F,3260,542,552,13,10
M,430,283,281,12,14
F,167,273,247,14.41176471,20
F,1380,325,299,7.875,11
F,1518,171,208,5.055555556,5
M,1224,577,608,2.8125,1
F,182,217,242,10.26666667,20
F,786,452,444,4.555555556,5
M,308,186,204,4.5,5
F,1074,252,294,10.04347826,20
M,885,408,417,9.714285714,9
F,2375,363,411,4.142857143,6
M,657,293,303,9.472222222,10
F,581,372,369,25.5,20
M,3010,518,431,8.333333333,5
M,548,355,298,15,21
M,819,388,421,7.090909091,6
F,613,245,294,6,11
F,431,314,310,8.235294118,11
M,710,287,325,7.285714286,10
F,3673,675,589,6.5,10
F,365,310,221,15,15
F,682,464,421,9.666666667,16
F,901,336,411,10.20588235,12
M,1676,336,398,5.571428571,25
F,445,398,370,14.55555556,26
F,588,383,344,22.6,50
F,413,171,123,10.16666667,12
F,522,349,326,12,10
F,303,217,219,10.375,20
M,633,442,439,13.16666667,10
F,391,243,242,14,10
F,707,283,291,5.25,7
M,1179,496,462,13.46666667,15
M,3365,525,655,6.2,10
M,1315,384,398,4.818181818,3
F,668,191,239,6,10
M,399,266,259,13.90909091,24
F,3200,292,325,13.2,15
F,289,226,224,9.214285714,12
F,1796,271,334,20,20
M,625,282,299,17.14285714,25
F,978,324,349,15.85,30
M,367,186,193,3.166666667,3
M,376,195,231,9.411764706,10
F,937,441,433,15,21
F,675,310,301,3.083333333,3
F,232,259,229,6.928571429,10
F,545,382,400,8.6,15
F,458,270,276,13.4,25
M,814,268,312,16.4,20
F,671,340,349,10,25
F,452,316,339,6.34,17
M,826,348,390,9.1875,8
M,860,351,346,11.33333333,20
F,185,283,312,8.787878788,10
M,576,280,244,12.90909091,10
M,2431,579,655,10.89473684,12
M,388,410,413,33.33333333,50
F,1680,878,943,5.076923077,5
M,1128,467,442,14.5,20
F,916,421,458,18.46153846,10
F,340,228,235,9,10
M,711,353,360,11.95454546,10
F,893,463,508,9.25,14
M,644,222,243,11.44444444,16
F,440,261,260,12,20
F,363,127,115,15,15
F,1745,512,485,8,5
F,672,416,348,6.631578947,5
F,1419,697,700,9,15
F,1938,787,629,12.33333333,21
F,1495,334,348,5.714285714,7
M,561,353,368,8.75,10
M,5980,1500,1124,38.75,50
M,1412,601,538,12,16
M,1869,542,553,3.818181818,5
F,556,272,258,13.25,15
F,1015,500,516,7,10
F,736,390,379,8.666666667,16
M,363,193,214,8.4,20
F,803,512,467,11.66666667,15
F,1818,316,299,13.7,15
F,640,414,403,6.928571429,5
F,698,377,393,8.5,10
F,1449,439,395,15,5
F,1557,311,342,10.5,10
F,518,256,273,4.583333333,7
F,1180,248,277,9.666666667,15
M,2869,668,686,14.16666667,25
F,1514,451,439,11.4,15
F,444,318,310,12.69230769,12
M,654,306,312,18.71428571,25
F,985,495,487,15.2,26
M,714,465,437,50,25
F,1854,377,339,23,23
F,2780,587,653,9.828571429,10
F,1538,305,349,30,50
F,1528,358,370,19.16666667,25
F,1165,518,454,7,10
F,439,262,303,12.4,10
F,681,422,428,15,15
F,1865,295,317,24.5,47
M,225,204,217,18.08333333,26
M,258,244,245,5.454545455,9
M,2236,563,612,9.785714286,10
M,403,223,213,8.619047619,10
F,3071,694,704,12.53333333,25
M,1442,394,445,7.846153846,10
M,5813,1302,1077,15,15
F,2250,375,379,11.4,21
F,761,347,351,10.81818182,10
F,2930,454,456,15,20
F,3370,346,356,16.06666667,15
M,966,463,479,7.363636364,10
F,2024,400,392,8.631578947,15
M,703,357,350,16.5,32
M,1286,502,542,15,15
F,758,397,448,7.857142857,5
F,657,216,220,8.666666667,20
M,581,368,378,10.85714286,15
M,1247,358,357,7.376458333,8
F,559,277,244,7.136363636,7
M,687,375,390,7.181818182,10
M,690,451,468,12.33333333,15
F,988,246,247,6.25,6
F,1500,353,332,5.24,6
F,1650,225,304,12.5,10
F,357,268,260,20,20
M,406,226,183,5.7,11
F,871,501,503,9.1,15
M,768,310,323,16.75,22
M,458,241,308,12.16666667,13
M,485,382,402,8,10
F,405,267,261,5.923076923,5
F,459,253,272,6.294117647,10
M,811,394,395,8.75,10
M,509,254,288,7.142857143,10
F,1030,553,473,12,20
F,881,393,414,6.153846154,10
M,2794,630,671,8,15
F,3233,753,714,16.81818182,25
M,931,192,180,5.571428571,10
F,529,340,319,10.5,15
F,1897,519,476,10,14
F,641,168,236,9.462962963,11
M,715,283,317,14.86666667,10
M,532,436,486,25,30
F,876,409,426,8.3,10
M,1175,318,376,10.25,15
F,3921,410,575,13.57142857,20
F,919,538,446,8.307692308,10
F,625,276,316,5.222222222,5
M,734,348,365,16.5,10
M,468,300,278,21.5,25
M,583,317,343,4,5
M,314,224,236,13.33333333,20
F,671,354,363,6.25,10
M,550,344,303,9.642857143,10
F,609,551,490,13.23076923,18
F,1650,404,477,15,21
F,1979,640,526,16,26
F,473,364,319,10.83333333,10
F,475,260,241,15,10
F,872,424,458,10.83333333,20
M,1075,449,373,10.10526316,10
F,580,322,347,10.75,14
F,442,341,325,6.285714286,8
M,325,133,188,6.363636364,6
M,1276,524,497,5.5,8
F,438,302,287,12.25,20
F,386,301,313,11.66666667,13
F,2433,459,449,6.266666667,10
M,1464,413,377,4,4
F,998,550,581,6.25,10
F,821,475,425,17.1875,15
F,2300,345,350,5.533333333,15
M,1852,561,602,7.368421053,7
F,663,220,234,13.24,20
F,2056,924,931,7.2,8
M,916,435,444,10.9,15
M,2282,945,938,18,10
F,2883,532,588,13.33333333,25
M,637,425,355,8.615384615,9
F,273,150,152,7.604651163,8
F,1709,422,408,7.176470588,10
M,2307,478,490,3.214285714,3
M,691,308,327,9.866666667,15
F,2479,456,500,11.6,15
M,858,505,555,15,20
M,351,225,238,13,16
F,1672,732,765,23,30
F,463,265,308,11.5,20
M,470,273,314,6.555555556,5
F,1248,348,346,7.5,5
F,994,488,491,10,25
F,1654,203,266,10,15
F,653,364,350,17,25
M,402,192,210,9.214285714,11
F,1914,399,392,9.090909091,15
F,5619,942,649,12.54545455,10
M,670,321,336,7.375,30
F,400,242,247,5.6,5
F,2206,567,583,8.428571429,8
F,535,318,328,7.6,10
M,444,259,259,9.95,10
F,476,274,236,23.85294118,8
F,593,298,336,13,20
M,2238,602,587,3.25,7
F,2811,577,599,11.08333333,20
F,1775,443,490,10,20
M,2549,757,786,11,15
M,2356,560,560,16.09090909,20
M,913,289,309,13,20
M,500,308,304,15,21
F,687,90,171,5.222222222,5
M,284,258,269,4.4375,5
F,678,242,196,8.105263158,18
M,1685,479,449,7.611111111,5
F,1461,342,411,5,5
F,400,279,264,9.533333333,10
M,824,371,365,12.5,25
F,855,384,508,8.729166667,12
M,578,323,275,10.64285714,12
F,699,254,304,13.6,20
F,5372,845,801,18.75,20
F,839,465,475,9.625,10
F,662,436,444,13.5,16
F,575,299,261,10.5,10
F,281,207,208,5.909090909,10
F,3370,824,824,9.888888889,20
M,2803,616,546,12.2,22
M,601,274,286,15,30
M,828,396,451,12.5,10
F,2408,952,924,15,20
F,445,242,244,7.3,8
F,722,325,374,20.85714286,40
M,1811,405,440,13.75,15
F,534,321,308,5.290322581,3
F,866,453,454,12.83333333,20
M,471,334,303,5.647058824,6
F,987,544,490,25,25
M,1102,639,648,25,30
M,5863,1500,1146,50,50
F,198,211,237,9.266666667,9
F,512,198,208,11.125,15
M,886,458,433,11.28571429,30
M,1429,759,755,5.1875,6
M,386,301,313,5.428571429,10
F,740,259,257,10,21
F,543,314,321,10.91666667,18
M,1896,511,548,15,20
F,876,353,403,7.875,10
F,575,349,326,15,10
F,900,524,537,7.692307692,3
F,1171,323,329,9.888888889,15
M,1429,497,507,4.75,10
M,4143,690,704,13.72727273,20
F,858,418,429,7.785714286,10
F,582,325,321,4,5
F,902,413,460,10,15
F,582,288,286,20,20
M,2469,411,475,13.25,12
F,0,423,417,5.4375,10
F,1107,476,432,7.764705882,5
M,967,348,342,18.66666667,25
M,1250,411,429,22.5,10
F,139,106,92,3.3125,4
M,1861,499,461,14,25
M,3247,666,722,6.147058824,7
F,1146,435,447,7.5,9
F,415,262,281,9.333333333,15
M,496,317,351,8.833333333,9
F,726,334,326,10.66666667,20
M,1028,493,483,20,30
M,1464,413,294,9.857142857,10
F,719,337,373,6.428571429,6
F,3063,429,418,20,20
F,684,311,326,12.2,20
F,376,339,304,6.217391304,15
F,927,417,448,9.733333333,15
M,3511,452,421,5.466666667,5
F,1185,373,369,21.66666667,5
F,453,260,266,8.307692308,10
F,747,489,475,10,25
M,439,388,371,10.6,15
F,935,439,510,11.21428571,10
M,616,234,248,5.133333333,5
F,947,360,342,85,100
F,5014,664,765,13,16
M,675,298,341,11.22222222,16
M,3663,777,784,4.285714286,4
M,269,256,250,7.75,9
F,226,288,228,14,50
M,278,244,238,9.777777778,20
M,471,307,273,10.33333333,15
F,1219,472,494,3.722222222,3
M,382,181,205,9.166666667,25
F,1699,657,581,12.16666667,10
F,1165,514,519,11.5,23
F,803,429,447,4.069767442,5
F,394,293,264,3.7,4
F,490,341,336,19.6,30
M,849,368,398,17.85714286,10
F,1372,419,421,15,15
F,358,325,342,6.933333333,6
F,325,231,178,15,10
F,355,224,229,20,20
F,713,259,267,7,10
M,550,313,303,7.291666667,7
M,450,391,391,11.68181818,10
M,1460,633,659,4,5
M,478,337,352,7.3125,7
F,846,459,399,8.25,8
F,694,321,342,7.666666667,9
F,4183,704,671,5.428571429,5
F,744,457,432,8,5
F,875,330,326,11.75,20
F,354,248,253,7.8,8
F,1675,505,441,20,10
F,421,233,202,10,18
F,782,469,565,10.73684211,10
F,574,268,256,20,20
F,742,361,287,12,13
F,1067,529,534,11.25,14
F,860,490,464,14.88888889,20
F,1175,619,626,4.5,6
M,916,321,293,22,20
F,4259,498,573,15,15
F,566,242,249,5.6,5
M,525,346,364,6.923076923,10
M,1582,335,330,14.25,20
M,1006,398,383,4.066666667,4
M,345,197,233,20,40
F,362,216,246,5.08,5
M,431,260,242,9,25
F,2457,445,472,12.5,15
F,2789,488,524,15,15
F,385,231,288,8.666666667,10
F,623,294,283,4.416666667,6
M,5470,664,781,9.75,15
M,673,394,406,5.739130435,13
F,582,359,297,6.357142857,10
F,4392,539,509,28.92307692,10
F,1468,363,361,10.66666667,10
M,764,363,377,20,20
F,1274,462,404,4.454545455,8
M,1749,281,291,27.5,100
M,1509,617,599,11.125,20
M,816,384,413,11.6,20
F,905,241,244,6.111111111,13.92
F,1027,451,475,8.5,10
F,871,501,503,9,15
F,2833,172,282,3.705882353,3
M,428,319,268,8,8
M,1088,308,335,7.285714286,10
F,1304,222,288,17.09090909,25
M,1859,407,465,4.272727273,11
M,595,363,363,5.954545455,9
M,3017,962,867,9,15
F,396,249,246,13.33333333,10
M,538,173,169,9.307692308,10
F,1875,138,96,8.333333333,10
M,386,287,275,17.4,22
M,1565,741,838,12.4,20
M,246,174,205,5.1,6
F,3325,603,611,20,25
F,1185,368,402,6.666666667,7
F,2438,672,588,40.75,47
M,728,188,230,12.5,15
F,3231,536,444,11.75,20
M,3937,581,578,15.33333333,18
M,1008,496,463,12.30769231,15
F,848,488,509,10,15
M,1158,398,373,5.75,10
M,1139,566,455,17.5,30
F,3741,1469,1157,9,15
M,468,295,306,8,10
F,675,379,242,12.5,15
M,1486,406,489,12.75,23
M,1250,576,572,7.619047619,20
F,3760,761,800,11.9,20
M,1991,538,615,8.636363636,12.5
F,404,258,250,10,14
F,413,306,132,5.115384615,10
M,2094,606,639,11.46153846,14
F,818,397,345,5.642857143,5
F,3206,399,383,20,20
F,5045,663,703,5.5,3
F,4286,910,883,13.6,10
M,621,342,299,6.705882353,10
M,1993,472,484,4.5,5
F,1493,240,317,14,10
M,2973,674,656,25,25
F,1028,234,220,21.09090909,10
F,3373,670,633,7,11
M,973,521,549,7.2,8
F,505,236,227,12.5,15
M,524,296,276,8.666666667,10
F,1851,531,530,20,20
F,1401,474,466,19.4,30
M,3952,715,774,15,25
F,1250,430,404,16.45454546,20
F,740,422,487,8.714285714,10
M,2442,993,764,89.44444444,100
F,1654,343,377,20,20
M,500,438,381,12.05555556,20
M,642,355,356,13.11111111,13
M,430,256,264,8.666666667,6
M,692,266,249,7.6,15
F,1062,550,555,15.33333333,20
M,1375,383,362,9.5625,10
F,2469,767,559,7.5,8
F,2400,526,481,13.14285714,20
M,1472,580,583,20,10
F,637,394,380,4.5,5
M,1557,311,342,9.428571429,10
F,1072,647,579,7.833333333,5
M,326,256,242,11.4,12
M,1277,245,274,18.05882353,24
M,593,458,375,25,25
M,3197,347,328,4.111111111,4
M,685,465,425,14.88888889,15
M,458,238,250,7.778333333,10
M,5332,546,677,4.814814815,3
F,695,305,337,5.9375,10
F,3514,682,625,23,23
F,883,421,417,7.083333333,5
M,672,383,422,7.894736842,10
M,5791,835,814,9.846153846,10
F,699,477,430,16.66666667,25
F,877,430,446,11.28571429,10
M,740,295,358,31.75,16.87
M,1074,504,560,7,12
M,685,422,436,9.4,10
F,1403,430,480,9.4,20
M,838,366,441,8.888888889,20
F,460,279,281,13.85714286,20
F,1578,304,342,9.118235294,14
F,944,509,492,14.5,16
M,2817,863,866,6.25,6
M,0,0,0,9.47125,12
M,395,242,215,6.857142857,6
F,651,287,303,10.9,10
M,366,182,196,12.75,25
F,2280,397,419,5.484848485,10
F,550,211,206,14,25
F,660,188,235,4.090909091,2
F,3531,554,581,9.540540541,9
M,738,350,372,15.75,25
F,718,256,254,5.8125,11
M,469,250,241,21.63636364,25
F,318,250,240,21.85,15
M,5132,757,721,19.73684211,20
F,1181,466,494,17.83333333,25
M,386,276,274,5,6
F,685,405,320,6,7
M,756,334,426,6.380952381,16
M,464,310,283,19.28571429,25
M,0,0,0,17,25
F,1245,634,687,7.285714286,8
F,1869,358,344,20,25
F,432,300,226,8.125,11
M,807,374,390,7.375,10
F,786,460,393,12.33333333,20
M,1270,419,476,8.833333333,12
F,4167,376,224,13,22
F,472,308,306,6.578947368,10
M,824,371,365,9.166666667,10
F,2156,319,419,11.625,10
M,906,417,443,9.666666667,10
F,560,333,295,14.2,20
M,475,186,201,4.909090909,5
F,567,158,210,5,6
M,799,400,421,3.4,6
F,574,243,241,23.11111111,50
M,430,333,314,9,5
M,711,351,305,10.66666667,21
M,576,326,353,8.333333333,6
F,786,443,422,17.5,25
M,710,446,442,14.77777778,25
F,1027,584,520,42.08333333,50
M,475,295,291,7.5625,11
M,568,256,273,10.52631579,15
M,1035,339,298,4.15,4
F,1671,664,700,9.2,15
F,605,335,343,6.285714286,10
M,593,341,316,9.643571429,17
M,491,384,357,16.125,20
F,301,208,246,13.25,10
F,560,384,340,15,25
F,617,202,239,12.91666667,15
M,481,248,265,7.823529412,7
M,602,366,363,8,15
F,469,241,257,10.875,15
M,1191,536,515,10,10
F,547,337,340,16.4,20
F,659,338,334,6.916666667,10
F,466,242,242,25,30
M,347,221,252,5.5,6
M,871,426,452,11.33333333,15
M,682,432,395,5.403846154,7
F,987,408,420,22,27
M,605,241,269,22,25
M,389,218,211,4.8,5
M,448,309,330,10.5,20
F,786,371,384,3.444444444,3
M,542,219,239,7.444444444,11
F,300,163,134,4.838709677,5
M,475,360,324,10.5,15
F,902,507,500,15,50
M,499,283,273,13.5,10
M,684,523,503,5.75,6
M,3608,462,421,80,50
F,705,416,449,30.71428571,50
F,780,485,488,3.113636364,4
F,496,218,260,7.619047619,10
F,787,271,264,13.33333333,23
F,454,311,302,9,15
M,762,396,418,22.5,25
M,3839,669,706,11.85714286,20
F,813,360,348,22.8125,15
F,1375,510,330,63.03571429,102
M,704,374,295,9,15
F,5743,812,708,4.1,5
F,483,237,216,9.545454546,10
M,1903,265,274,18.5,24
F,497,364,357,3.08,3
F,2368,827,723,13.2,30
F,374,305,225,5.538461539,12
F,508,303,377,5.571428571,8
M,676,172,201,12.13333333,19
M,805,506,421,21.16666667,5
M,732,416,450,11.66666667,20
F,737,383,357,5.071428571,5
M,600,255,292,15,20
M,686,449,408,12.75,20
M,500,385,263,7,9
F,877,380,392,8.578947368,10
M,5954,1500,1185,9.285714286,14
F,835,244,240,11.875,10
F,925,363,215,15.46428571,25
F,483,393,382,38,25
F,1290,559,575,10,15
F,613,207,168,14.875,25
F,938,319,344,14.07142857,20
M,2741,609,586,12.4,15
F,546,244,270,10,25
M,894,481,452,11.5,25
M,493,305,273,15,15
F,386,231,220,15,25
F,472,303,284,6.071428571,5
M,834,409,382,8.214285714,5
M,604,385,339,10.71875,11
M,588,272,292,7.4,8
M,429,259,253,3.6875,5
M,737,420,420,15,25
F,985,453,449,15.33333333,20
M,1083,502,506,11.125,10
F,442,210,274,5.166666667,12
M,1642,551,611,4.913043478,5
M,1483,333,382,14.07692308,25
F,940,465,452,15,25
F,2012,316,294,15.66666667,20
F,1773,306,346,15,10
M,946,436,465,6,9
M,729,444,448,4.875,5
F,2375,358,331,11.55555556,19
M,3092,644,641,17.33333333,25
M,2312,516,531,8.941176471,7
F,1063,322,304,9.173913044,15
F,629,277,279,9.5,15
M,1247,617,672,10.15384615,10
F,807,388,377,9.529411765,15
F,679,247,304,47.18181818,100
M,1395,509,580,20.875,25
M,576,319,295,17.625,30
F,1355,567,593,3.8,5
F,2679,470,535,6.583333333,13
F,553,399,355,6.862068966,13
F,638,483,488,9.5,22
M,359,218,159,3.583333333,10
F,1246,296,339,7.5,10
M,631,324,333,12.21428571,10
F,5708,708,575,16.25,25
F,955,332,346,12.33333333,12
M,810,354,368,9.090909091,10
M,2241,822,716,15,15
M,1432,423,453,7.2,8
F,609,357,301,11.78947368,11
F,889,368,391,10.66666667,15
F,629,197,214,9.857142857,20
F,2128,472,559,20,20
F,645,376,360,7.666666667,10
F,1344,403,377,9.5,17
M,821,371,390,10,10
M,681,396,406,12,25
F,386,231,220,8.444444444,18
M,361,182,199,29.57142857,30
F,583,371,385,8.5,25
M,1711,542,629,13,25
F,700,415,356,11.33333333,10
M,904,446,442,10.6,20
M,833,350,329,12.14285714,30
F,607,371,346,15,21
M,631,278,288,25,10
M,4112,798,725,15.14285714,17
F,342,214,241,7,7
M,668,308,317,15,15
M,313,165,210,15,15
M,427,464,538,15.25,23
F,886,536,570,42.5,20
M,480,184,214,5.916666667,8
M,809,319,342,16.33333333,25
M,438,324,282,8.2,9
F,442,253,257,9.166666667,5
M,1034,524,515,15,11
M,679,327,332,46.33333333,100
F,351,214,212,20,25
F,614,317,305,8.666666667,10
M,881,332,375,14.8,25
F,616,334,348,8.5,9
F,522,292,294,20,20
F,1184,341,352,9.875,20
M,1348,712,752,6.2,7
F,604,338,356,6.590909091,7
F,1167,576,597,15,25
M,836,431,347,8.947368421,10
F,1349,418,436,12.5,15
M,4507,1004,893,20,20
F,586,413,404,7.3,10
F,556,277,292,9.818181818,12
M,1467,323,356,7.333333333,5
F,340,151,173,10,20
M,497,296,343,6.368421053,10
F,1149,460,469,23.33333333,200
M,514,224,226,10,10
M,870,345,357,9.571428571,10
M,2680,506,402,20,35
F,556,275,268,10.33333333,15
F,736,293,321,15,15
M,868,564,569,8.5,12
M,364,307,287,8.833333333,15
F,1709,518,527,15,20
F,875,326,326,15.9,26
M,713,313,323,6,7
F,556,358,320,9.428571429,12
M,3200,311,333,3.106060606,4
F,1567,391,434,6.5625,7
F,953,379,387,15.57142857,25
M,492,260,284,19.375,25
M,2645,655,682,8.75,15
F,1952,365,367,13,13
F,1305,456,448,7,5
F,3556,701,838,7.35,7
M,473,338,348,13.5,26
F,3201,552,539,5,5
M,2213,447,491,4.95,10
F,1455,417,393,6.35,10
F,393,258,258,10,15
F,2453,451,436,5.8125,7
M,533,276,287,13.375,17
F,647,317,300,8.916666667,5
F,1044,318,458,13.16666667,20
M,702,348,337,11.11111111,15
M,852,540,535,14.62347826,20
M,1045,538,604,15,20
F,5501,924,870,17.5,25
F,3921,804,799,10,12.5
F,919,562,558,17.92307692,25
F,755,315,244,16.5,10
F,1383,464,499,7,8
F,3694,611,601,32.22222222,20
M,1690,655,653,9.928571429,15
M,438,213,265,26,15
F,1187,448,438,11.66666667,25
F,1617,414,457,7.5,10
M,1367,329,359,6.75,9
F,854,389,372,17.73333333,32
M,493,311,314,12.5,10
M,700,360,355,5.444444444,5
F,1765,465,442,22.38095238,33
M,0,0,0,5.666666667,6
F,929,369,314,8.5,12
F,4313,783,752,11.85714286,10
M,470,313,282,4.2,5
F,1159,557,574,6.230769231,3
F,3152,891,908,34,38
M,1137,362,425,9,5
M,912,370,379,12.16666667,5
M,332,257,261,7.133333333,10
M,247,220,231,5.5,15
F,2190,655,669,6.5,6
M,1117,461,461,6.428571429,7
F,814,282,298,10.4,12
F,1814,418,380,10.66666667,10
F,403,288,237,20,15
F,613,323,300,10.66666667,20
M,2712,1144,989,18.42857143,25
F,958,499,525,7.6,10
F,1129,445,429,20.83333333,25
F,4984,702,734,12.14285714,50
M,452,300,297,14.8,20
M,986,495,530,20.11111111,25
M,655,247,267,14.44,14
M,459,195,237,3.52173913,6
M,674,402,458,5.363636364,10
F,728,304,315,10.35714286,10
M,4153,886,640,12,13
F,348,223,239,10.22692308,12
F,869,505,465,7.25,10
M,1876,404,419,10.83333333,15
M,865,387,392,6.266666667,10
M,666,253,268,8.166666667,10
M,809,389,411,13.71428571,15
M,4763,534,551,9.888888889,11
F,0,0,0,15,25
F,987,354,344,28,28
M,2444,780,737,15,15
M,503,255,262,4.5,5
F,1004,247,236,5.05,5
F,1565,780,704,6.1,6
F,872,307,343,20.4,25
F,501,374,354,20.77777778,25
F,331,237,217,4.444444444,5
M,620,270,279,12.36142857,16
M,747,457,396,15,17
F,936,304,257,9.5,20
F,756,372,391,8.769230769,14
F,487,222,247,9.888888889,16
M,651,345,337,7.611111111,11
F,693,479,439,5.125,5
F,1063,148,206,3.035714286,3
F,609,424,422,19.25,46
M,732,374,432,10.70588235,17
F,871,355,363,9.5,13
F,313,256,220,16.25,35
M,1059,513,392,7.583333333,10
M,687,310,291,9,15
M,397,270,296,14.4,20
F,2516,649,641,13.65517241,16
F,506,323,326,8.6,12
F,412,354,342,9.333333333,22
F,360,239,233,9.142857143,20
F,745,275,353,5.166666667,7
M,691,294,319,17.16,20
F,978,559,475,4.333333333,3
F,1586,321,337,9.5,15
F,3304,614,629,24.05882353,25
F,800,358,333,4.285714286,5
M,1596,603,631,10.875,10
F,2105,314,372,15.33333333,20
F,1480,684,635,7.617021277,10
F,585,266,255,9.727272727,10
F,1033,611,565,10.33333333,10
M,340,178,217,10.2,20
F,1708,413,374,12.6875,16
F,1419,698,766,7.363636364,10
F,2698,593,572,10.81818182,5
M,556,346,270,13.11111111,30
M,972,278,281,11.42857143,15
F,498,278,282,7.454545455,9
M,878,331,349,10.47058824,12
M,883,333,315,14.85714286,20
F,670,287,282,11.66666667,20
M,589,317,292,8.588235294,7
F,2620,490,519,14.42857143,18
M,677,466,442,10.66666667,20
F,464,257,224,8.222222222,8
M,600,308,292,9.52631579,10
F,707,393,383,4.176470588,10
F,1537,509,528,11.19230769,10
F,682,464,421,8,8
M,867,492,524,12.5,11
F,1943,353,355,20,20
M,1037,456,511,10,10
F,595,317,333,9,16
F,375,270,295,20,20
F,397,329,336,9.777777778,15
F,584,386,307,15,5
F,534,231,248,13.55555556,23
M,362,235,246,9.722222222,10
M,991,506,532,5.8,9
F,2639,594,584,15,25
F,476,274,236,10.73333333,15
M,3393,553,589,20,25
F,0,0,0,12.5,50
F,2250,159,192,6,6
F,340,227,235,15.33333333,20
F,322,258,291,15,25
F,655,432,430,9,10
F,908,482,499,5.090909091,5
F,718,508,497,11.07692308,25
M,2750,332,302,10.66666667,10
M,397,219,237,9.333333333,20
M,1040,309,256,7.9375,9
M,675,238,207,6.111111111,2
M,719,398,389,11.33333333,12
F,588,249,254,8.333333333,5
F,1053,419,402,8.333333333,10
F,419,295,296,12,17
F,803,407,432,20,25
F,886,339,360,5.222222222,6
F,257,264,194,10.125,16
M,1453,426,486,25,10
M,931,636,543,15,15
F,496,349,360,5.571428571,20
F,5649,828,801,8.615384615,10
M,852,450,394,12.5,25
F,3100,488,306,18.33333333,20
F,1074,524,528,28,30
F,1452,397,410,25,25
F,813,263,297,9.25,3
M,333,219,278,16.42857143,25
F,536,296,278,4.944444444,10
F,850,501,465,8.230769231,5
F,443,347,320,5.727272727,10
M,467,261,260,6.666666667,6
F,1207,303,458,7.25,10
M,490,299,288,3.269230769,20
F,805,243,237,8.266666667,20
M,638,243,255,15.66666667,20
M,1208,594,616,15,15
M,198,252,261,15,10
M,443,218,232,10.42857143,20
F,1284,539,532,13.44444444,20
M,675,352,343,5.785714286,15
F,668,369,311,6.411764706,10
F,575,259,255,7.666666667,14
F,2375,471,535,20,8
F,1091,348,382,11.95238095,20
M,1015,360,404,8.25,15
M,1413,665,727,8.285714286,16
F,3738,581,599,16,20
F,871,344,362,9.55,12
F,571,333,336,15,15
F,375,207,208,15,15
F,3435,546,560,32.30769231,50
F,466,252,244,5.625,5
M,1668,664,663,13.38461539,10
M,546,256,344,15,15
M,576,355,304,6.04,10
F,585,393,445,13.58333333,15
F,2022,534,496,4.777777778,5
F,1406,536,453,15,21
F,503,275,287,20,15
F,1602,475,561,18.42105263,24
M,736,276,311,10.4,11
F,393,147,178,4.363636364,5
F,987,469,476,10,16
M,4933,736,762,26.5,30
F,1178,507,543,15.57142857,36
M,2397,486,402,9.9,20
M,651,415,395,3.578947368,5
F,1711,806,566,16,45
M,3663,777,784,20,20
F,473,319,333,8.666666667,10
F,4954,1195,1086,7.444444444,15
M,775,465,489,25,10
F,505,330,316,20,20
F,678,289,303,8.777777778,7
F,1158,398,373,4.090909091,3
F,861,314,278,7,7
F,407,193,221,16.66666667,22
M,1094,388,421,20.83333333,51
M,485,309,329,21.25,25
F,517,375,389,11,25
M,445,210,226,6.321428571,7
M,2458,1203,1095,13.58139535,15
F,1428,277,322,25,20
F,693,399,390,6.588235294,8
M,873,291,251,3.173913044,5
F,2807,497,504,12.75,14
M,351,278,283,14,25
F,2067,534,540,450,20
F,999,453,465,18.71428571,21
M,419,243,277,8.75,20
M,962,479,361,5.111111111,11
F,542,252,272,11.51351351,10
M,780,323,345,14.14285714,10
F,1229,649,555,5.214285714,5
F,928,452,444,12.83333333,15
M,335,205,166,6.666666667,15
F,700,277,309,15,23
M,337,265,258,9.714285714,15
M,557,337,321,9.074074074,11
F,3333,871,759,20.83333333,25
M,1126,261,275,20.8,25
F,0,0,0,38,43
M,1987,524,567,14,30
F,0,0,0,15,21
F,1093,431,386,25,25
M,238,225,233,6.636363636,9
F,966,528,547,7.714285714,5
M,377,252,276,10.25,10
F,825,459,453,4,4
M,962,444,452,35,40
M,1082,566,522,10.08333333,7
M,2362,632,655,13.375,15
M,359,258,203,11.91666667,20
M,5854,1077,920,28,25
M,682,359,297,12.33333333,16
M,581,349,349,17,20
F,380,277,299,11.66666667,25
F,1229,502,507,7.5,20
F,689,320,343,12,15
M,1715,619,647,4.8,4.5
F,762,355,327,8.761904762,18
F,683,471,484,6.8125,3
F,1648,488,480,8.538461539,9
F,5907,1340,1063,16,15
M,1473,324,395,20.66666667,20
F,484,243,195,20,20
M,645,308,251,8.916666667,10
M,577,380,389,9.571428571,15
F,1163,459,439,5.4,5
F,602,366,363,9,10
F,746,352,363,15.76470588,20
F,459,518,280,27.42307692,100
F,922,298,298,8.5,15
F,833,350,329,12.25,25
M,1793,796,832,14.28571429,15
F,470,292,275,12.5,15
F,338,254,242,5.076923077,5
M,420,253,249,4.9,4
M,1576,418,528,12.85714286,10
F,677,303,334,8.428571429,8
F,559,361,378,11,21
M,731,385,401,15,10
F,718,443,425,8.578947368,10
M,460,265,257,11,20
M,2257,541,488,6.5,10
F,726,426,388,9.2,14
M,1327,409,435,11.33333333,17
M,956,344,412,11.44444444,20
M,565,163,180,6.909090909,8
M,987,440,400,12.11111111,19
F,1138,613,602,9.68,16
F,535,236,250,4.285714286,5
F,427,141,121,10.75,20
M,5806,871,830,20,20
F,1413,329,397,6.666666667,20
F,1180,385,414,12.9,25
M,318,105,113,17.45454546,16
F,554,424,432,7.866666667,20
F,1900,582,498,5.2,6
M,866,453,428,25,25
F,1223,419,444,9,15
F,2324,404,445,10.6,25
F,2528,591,542,24.77777778,10
F,1183,528,379,37.5,25
M,655,315,328,8.75,15
M,418,290,244,10.71428571,15
M,595,394,406,8.875,11
M,0,0,0,11.33333333,10
F,548,327,340,11.66666667,25
F,1125,287,246,10.25,20
F,3626,785,795,12.3125,20
F,503,267,290,8.863636364,10
F,455,350,321,12,10
M,1201,408,426,7.818181818,21
M,592,406,240,16.27272727,23
F,614,388,377,7.636363636,10
M,302,216,207,11.25,10
F,1157,514,448,7.714285714,10
F,2312,516,531,6.333333333,2
M,440,186,220,9.666666667,25
F,569,315,317,9.727272727,15
F,680,393,406,9.058823529,15
M,690,371,263,5,5
F,438,146,165,20.66666667,36
F,2166,402,457,8.095238095,10
M,394,220,227,25,20
F,630,327,321,9.2,10
M,3276,478,436,25,75
F,1171,512,544,5.2,7
M,1103,503,497,15,15
F,1633,318,306,5.8,11
M,428,304,240,9.1875,12
F,262,194,186,15,5
F,905,533,549,7.25,10
F,1693,467,457,11.66666667,15
F,1806,312,338,2.795454546,3
F,683,325,313,15.33333333,15
M,630,396,395,13,20
M,417,199,200,13,12.5
F,1569,672,785,12.5,15
M,1357,534,571,13,16
M,663,501,483,15,20
M,827,275,297,6.3125,6
F,266,167,217,8.09375,5
M,1967,409,403,10.5,12
F,470,339,318,5.625,8
M,626,388,392,9.8,11
F,584,314,318,10.4,15
F,1063,360,354,20,20
F,588,345,331,13.33333333,21
F,663,315,305,11.66666667,37
F,281,314,274,7.714285714,14
M,784,378,332,11,10
F,1722,420,411,4.571428571,5
M,645,249,257,5.285714286,5
M,544,403,360,5.133333333,5
F,896,335,340,8.6,15
M,398,303,292,8.45,14
F,900,337,336,13.6,15
M,1421,604,534,5.714285714,6
F,405,208,215,6.666666667,5
M,297,178,185,21,10
F,317,249,241,4.885769231,7
F,2184,376,394,12.5,20
M,0,0,0,17.5,25
M,1848,688,705,8.35,20
F,2111,408,444,16.5,50
M,5795,1326,1201,11.66666667,15
M,950,449,420,7.2,5
M,846,541,595,5.181818182,6
F,3573,1474,1065,10.33333333,24
M,393,212,222,15.55555556,50
M,600,461,467,8.727272727,15
F,469,354,331,19.28571429,25
F,605,326,283,12.25,10
F,711,305,307,3.857142857,4
F,1072,306,378,17.85714286,25
F,782,475,498,20.18181818,34
M,464,291,277,10.2,10
M,1803,418,364,13.71428571,19
F,1329,727,689,6.2,6
F,408,253,259,8.444444444,7
F,1537,509,528,13,20
F,488,314,282,4.714285714,5
M,799,445,421,9.125,12.5
F,1722,406,365,6.071428571,6
F,365,249,269,13.33333333,15
F,1204,514,491,7.4,15
M,518,213,228,9.333333333,20
F,2486,508,516,3.491935484,25
M,5439,1029,961,12.22222222,12
F,3477,601,528,5.4,6
F,2813,366,388,10,10
M,3909,886,878,11.28571429,15
M,237,250,274,12.84615385,25
F,545,316,324,15,20
M,482,282,287,5.071428571,5
F,506,320,310,10,10
F,1344,468,439,3.931538461,20
M,621,328,300,10.5875,12
M,564,207,274,8.730769231,15
F,398,207,195,8.769230769,11
M,667,380,345,6.722222222,5
M,948,604,655,5,5
F,953,379,387,13.2,20
M,1029,401,408,5.133333333,10
M,1325,458,403,16.35294118,26
F,806,393,386,4,3
F,339,161,212,8.25,10
M,487,308,275,5,5
F,942,254,306,5.611111111,10
F,1156,617,541,31,50
M,331,288,255,7.5,10
M,498,229,246,5.5,6
F,904,372,330,13.6,23
M,324,192,186,12.5,15
M,1771,335,322,11.1875,20
M,1203,473,497,15,15
M,737,504,472,8.454545455,10
M,504,228,246,5,5
M,931,318,332,5.090909091,5
F,819,275,331,7.538461539,10
F,2521,424,512,5.555555556,5
M,4068,821,748,6.4,15
F,1364,255,296,18.75,25
F,456,263,281,11,12
M,501,407,385,7.5,15
F,810,214,217,12.83333333,50
M,1960,321,362,6.3,5
F,770,264,276,4.714285714,13
F,619,271,300,12.25,15
M,544,305,322,20,20
F,1436,347,338,25,20
M,3223,516,568,6.444444444,10
F,227,241,220,2.445945946,6
M,679,374,377,13,16
M,612,510,551,12.33333333,15
F,213,273,283,5.125,5
M,1111,591,552,6.636363636,12
M,803,240,311,19.23076923,20
F,665,264,273,7,12
M,646,249,305,5.1,12
M,2441,740,697,11,12.5
F,1985,446,467,10.36363636,14
F,1016,246,278,20,20
M,596,316,345,11.81818182,20
M,851,363,330,15,15
M,725,309,349,10.22222222,14
M,457,242,237,9.333333333,10
F,377,363,320,5,10
M,1223,644,638,25,25
M,308,220,231,10,10
M,1097,463,371,10.71428571,17
M,1060,425,422,15,10
F,870,405,361,26.66666667,20
M,543,349,339,4.964285714,5
F,1063,529,526,15,20
F,402,240,230,37.2,20
M,770,282,272,20,30
F,364,231,221,10,25
M,620,358,348,3.35516129,3
F,577,324,224,11.09090909,23
M,651,345,361,9.666666667,13
F,2292,670,680,6.4,13
F,972,367,388,11.2,17
M,1035,386,356,11.42857143,15
F,431,283,289,7.25,10
F,4947,608,682,10,10
F,351,245,225,12.89473684,20
M,439,203,230,5.636363636,5
M,1967,418,438,5.261851852,7
F,952,407,436,6.142857143,10
F,637,407,446,4.714285714,20
M,1413,482,489,8,25
F,360,266,252,15.28571429,5
F,3676,692,724,20,5
M,719,269,280,7.6,15
M,1460,565,641,7.102941177,15
F,2766,433,398,13,20
F,528,271,243,8.333333333,10
M,1345,635,629,11,23
M,747,385,398,4.722222222,7
F,881,464,388,11,19
F,957,360,365,5,7
M,920,753,348,15,10
M,693,248,232,7.25,11
F,1922,307,300,5.545454545,6
F,1473,647,649,7.333333333,11
F,369,305,295,5.625,10
F,1070,510,529,7.583333333,8
F,340,221,208,14.22222222,20
F,684,321,298,13.5,25
M,454,285,280,10.77777778,12
M,574,318,315,3.555555556,4
F,3772,661,647,14.33333333,17
M,588,380,354,4,5
F,1465,638,589,7.818181818,10
M,852,446,480,10.19047619,10
F,777,485,476,9.3,12
F,532,404,297,12,17
M,2917,613,712,10.09090909,10
F,1990,326,389,15,35
M,427,290,290,27.5,40
M,844,336,333,9.866666667,10
M,822,322,321,10.75,12
F,761,422,425,6.466666667,15
F,965,453,426,9.538461539,10
F,150,197,198,6.333333333,10
F,607,260,256,3.6,3
F,760,505,492,7.8,11
F,445,253,270,8.9,10
F,1331,579,561,12.2,20
F,598,453,419,11.5,10
F,3997,915,919,10.625,23
F,3461,423,479,6.153846154,10
M,5739,670,792,9.285714286,15
M,150,251,223,6.1,3
F,539,303,377,5.625,11
F,1856,523,516,13,20
M,301,354,267,10.5,10
F,1075,556,552,5.8,6
F,5000,963,797,11,13
F,283,168,207,5.111111111,7
F,1260,357,309,4.857142857,5
F,3009,455,493,12.5,17
M,462,264,248,8,16
F,574,363,360,6.166666667,14
F,402,229,234,12,15
F,557,188,221,13,16
F,320,183,202,13.33333333,21
F,758,409,455,7.454545455,11
F,836,354,380,4.476190476,5
F,468,308,294,8,18.25
F,5000,936,712,15,5.25
F,2541,486,454,24.28571429,25
M,497,452,384,20.41666667,40
M,1003,322,318,25,25
M,770,522,522,20,10
M,739,368,419,20,20
F,2140,789,816,3.761904762,3
F,1282,637,607,4.857142857,5
F,1167,272,329,11.14285714,15
F,5626,1109,969,30.75,100
F,636,311,295,8.75,20
M,1834,371,441,14.8,21
M,912,393,375,8.5625,20
F,2125,399,411,20,30
F,1180,548,554,5.5,5
F,669,198,214,8.4,15
F,0,147,178,4.5,5
F,533,349,339,8.2,9
M,582,368,385,9.666666667,10
M,480,217,202,17.33333333,20
M,435,209,256,12.83333333,10
F,609,291,290,3.908571429,50
M,447,280,265,12.33333333,20
M,467,261,261,15,15
M,327,256,284,13.66666667,15
F,890,426,459,8.285714286,10
F,2947,658,665,15,15
F,679,238,242,7.428571429,10
F,1522,485,453,5,5
M,5324,1500,1053,22.25,20
F,1878,439,389,5.3,6
F,529,360,345,17.5,10
F,742,293,290,5.727272727,5
F,466,368,368,10.87878788,20
F,911,358,330,5.944444444,10
M,879,251,303,10.5,20
F,573,437,413,16.28571429,15
F,1644,426,450,3,4
F,905,245,269,13.14285714,25
F,406,225,245,7.444444444,10
F,0,0,0,12.5,15
F,430,234,236,10.27272727,13
F,492,244,243,15,20
M,553,334,343,7.2,11
M,587,466,438,4.590909091,9
M,800,448,433,20.83333333,25
M,3196,692,695,30,50
M,789,434,412,9.916666667,25
M,545,281,312,10.0625,10
M,745,382,374,11.42857143,10
M,1144,443,436,14.81818182,10
F,730,191,287,10.5,20
F,506,214,253,14.81818182,20
F,488,220,203,11.94117647,5
F,1748,355,382,5.523809524,10
F,2159,280,247,20.17647059,15
F,2153,379,360,22.5,35
F,2051,545,543,33,30
F,1553,653,694,23.33333333,25
M,986,389,369,7.6,7
M,442,253,257,15,20
F,405,274,291,21.06666667,26
F,355,292,271,12.33333333,16
M,922,442,449,14,17
M,3333,609,549,10,17
M,723,361,351,18.4,26
M,528,338,306,12.47826087,25
F,418,343,381,11,25
F,2322,472,499,7.84375,11
F,704,349,358,13,20
F,539,348,297,7.894736842,7
F,1097,562,534,14.6,19
F,1058,499,525,8.75,14
M,1971,605,559,15,21
M,512,237,248,20,20
M,321,189,233,10,5
F,622,378,401,15,25
M,351,186,219,25,25
F,540,215,195,10.5,10
F,2855,385,484,11.46153846,40
F,955,379,397,7.264347826,10
M,442,195,165,16.5,20
F,569,384,440,6.75,12
M,1170,220,252,5.7,6
F,2353,316,333,25,25
F,330,317,289,7.333333333,10
F,428,294,284,2.625,5
F,1713,244,310,15,15
F,618,291,322,7.285714286,10
F,1183,603,566,10.65217391,5
M,299,267,263,4.9375,4
M,782,341,272,10.23076923,20
F,383,134,135,12.2,20
M,2044,337,397,10.75,20
F,3222,614,607,16.54545455,25
M,866,475,467,7.545454545,11
M,899,486,542,9.444444444,10
F,221,274,252,11.33333333,15
F,2432,364,397,9,20
F,198,209,208,5,5
M,600,256,273,18.95833333,30
F,463,416,427,10.4,20
F,290,228,235,20,20
F,694,376,339,13,18
F,797,378,318,3.161290323,3
F,589,286,337,10,14
M,1205,459,345,4.176470588,5
M,444,324,304,4.5,4
F,801,382,419,4.9,5
F,337,261,263,8.294117647,10
M,434,337,305,11.66666667,10
F,646,257,278,7.1875,12
M,740,376,329,12.6,23
F,717,339,349,10,10
M,2971,288,340,7,12
F,636,395,325,14.25,17
M,2906,653,740,10.6,15
F,717,352,347,10,10
F,715,301,333,7.111111111,8
M,386,354,302,4.217391304,5
F,684,323,323,20,20
M,469,260,271,7.465116279,12
M,884,377,366,7.666666667,5
F,275,161,224,9.25,15
F,1122,560,607,25.125,20
F,656,339,318,28.6,5
F,880,343,386,17.71428571,15
F,837,381,369,3.466666667,3
F,2322,548,469,4.431034483,5
F,853,464,447,10,10
F,871,412,436,7.836734694,7
M,884,692,737,9.142857143,21
F,5687,540,729,21.5,20
M,3343,760,768,17.5,40
F,949,448,420,11.66666667,15
M,1052,499,516,10.83333333,10
F,1788,424,415,11,20
F,1274,541,548,6,7
F,481,335,279,7.2,5
M,1728,511,503,25,25
M,1322,405,408,3.566666667,2
F,429,297,276,7.692307692,3
F,2674,574,648,19.16666667,25
F,685,365,372,3.589285714,12
M,2254,479,542,16.25,20
M,479,268,272,9.555555556,10
F,860,453,495,13.51111111,38
F,1821,466,486,7.384615385,10
M,1076,503,550,14.54545455,50
F,1231,398,367,12.3,16
F,440,231,253,8.916666667,5
M,1572,587,623,10,20
M,347,202,204,14.75,16
F,1153,583,609,50,100
F,2075,743,823,5.517241379,6
F,360,235,219,11.9,21
M,542,245,269,15.4,15
F,948,353,367,3.411764706,1
F,483,206,207,15,21
F,1488,400,402,9,5
M,809,482,413,20,25
M,2083,186,220,3.8125,4
M,597,448,475,13,30
M,440,331,323,6,5
M,614,317,335,15,20
M,2424,446,483,14.5,6
F,923,364,353,7.607142857,7
M,577,437,437,7.375,10
M,347,310,286,4.904761905,7
M,1250,411,429,25,25
M,770,426,450,10.6,20
M,1943,444,439,13.33333333,5
M,687,407,375,6.105263158,6
M,875,317,343,7,20
M,864,480,402,8.230769231,8
F,701,352,353,25,25
F,664,308,336,3.613636364,4
M,755,232,282,11.33333333,14
M,423,262,251,5.95945946,6
M,5540,815,814,21,26
F,2596,518,584,24.16666667,25
M,3199,537,595,14.7,16
F,1257,358,427,6.384615385,17
F,205,221,217,5.166666667,5
F,1173,625,562,8.931034483,10
F,862,519,478,20.25,27
F,339,271,293,5.928571429,10
M,392,239,265,4.266666667,4
F,576,308,304,8.923076923,10
F,2419,409,470,9.857142857,5
F,575,212,247,4.428571429,5
M,709,254,264,7.333333333,5
M,724,380,363,17.22222222,20
M,719,561,430,4.4,5
F,411,230,244,13,12
M,498,304,274,11.5,20
F,716,438,351,20,25
M,732,431,434,10.5,13
M,1155,695,728,12.5,15
F,245,176,246,9.333333333,10
F,489,221,244,9.2,21
M,590,341,333,8.583333333,7
F,764,362,383,6.25,10
F,670,358,354,4.958333333,4
M,1000,463,458,8.772727273,12
F,519,357,349,5.6875,10
F,720,416,450,17.89473684,24
M,2498,550,570,25,35
F,887,459,433,9.666666667,17
F,687,403,360,13.85714286,33
M,710,388,313,13.57142857,10
M,1364,673,768,15,15
F,3005,385,455,9.470588235,13
F,827,328,309,10.15789474,15
F,725,354,418,15.4,20
F,548,246,259,12.375,16
F,1055,379,375,14,20
F,3142,770,675,12.5,15
F,479,304,333,5.884615385,10
F,2172,625,561,3.25,10
F,3410,941,775,25,25
F,1088,514,511,15,20
F,875,224,254,6,10
M,883,272,310,4.944444444,21
F,689,359,368,22.28571429,30
F,708,404,407,12.52631579,20
M,733,409,359,26.25,30
F,476,280,272,5.434782609,10
F,2041,858,943,9.833333333,17
M,881,363,375,6.714285714,6
M,434,299,243,11.4,12
F,1150,212,245,7.666666667,5
F,529,304,280,5.611111111,5
F,1205,408,444,9.8,5
F,301,273,262,8.982758621,10
F,910,415,421,12.23076923,21
F,875,415,381,11.42857143,10
F,945,578,446,17.18181818,23
F,714,290,282,12.07142857,15
M,763,334,378,5.5,8
M,448,241,254,8.294117647,10
F,524,269,329,11.8,25
F,397,211,227,8.96875,5
M,637,316,335,25,25
F,778,422,447,5.821818182,12
F,1008,397,388,8.916666667,5
F,993,366,329,5.235294118,7
F,1149,263,250,6.619047619,8
F,5000,700,632,5.840909091,9
F,5564,860,860,19.16666667,35
F,929,546,561,15,17
F,1627,508,537,9.266666667,14
F,428,243,268,6.461538462,6
F,717,341,344,25,20
M,452,256,230,5.64,10
F,2625,533,517,12.82608696,10
F,2113,450,502,9,5
F,1104,275,323,2.637931034,3
M,362,217,238,7.142857143,10
M,403,375,304,7.32,10
F,1014,273,306,11.1875,17
F,732,478,396,9.5,15
M,1309,419,424,12,12
F,961,341,366,13.66666667,17
F,883,503,493,13.8,10
M,1285,510,535,5.1875,11
F,889,398,341,16,17
F,1240,496,436,5.375,5
M,426,315,314,16.75,20
M,792,320,337,11.33333333,10
M,801,523,509,13.27272727,100
M,554,319,287,7.529411765,9
M,1141,498,481,8.615384615,21
F,848,386,404,10,25
M,985,495,508,12.125,15
F,795,475,557,9,12
F,556,324,313,5.263157895,10
F,630,323,329,11.5,20
F,789,430,425,5.833333333,5
F,152,200,204,14.66666667,20
F,1384,643,667,8,15
M,688,564,582,12,10
F,651,250,252,8.277777778,5
M,1307,381,383,18,40
F,241,241,231,8.466666667,5
F,4240,814,830,8.466666667,9
F,617,247,249,24.22222222,50
F,838,176,235,6.666666667,7
M,688,432,442,9.4,5
F,5970,1496,1208,10.18181818,15
F,435,322,325,10,15
F,677,261,282,9.8,15
M,980,387,381,11,10
M,788,275,299,6.789473684,8
M,295,161,199,25.11111111,50
M,1831,324,313,5.166666667,5
M,817,288,413,7.666666667,11
F,838,374,402,15,20
F,551,297,252,16.86666667,20
F,1380,449,417,8.0625,13
F,1499,419,444,9.2,15
M,603,261,233,6.333333333,9
M,407,324,383,5,2
F,471,268,273,9,12
F,929,420,418,7.833333333,10
F,521,330,315,8.75,10
F,288,164,131,5.285714286,5
F,914,542,540,25,30
F,466,309,318,11.66666667,10
M,534,306,363,20,20
M,1550,613,549,17.5,10
F,575,245,248,15,21
F,687,219,261,4.592105263,5
F,810,421,455,12.83333333,20
F,2347,736,786,3.055555556,4
M,2298,302,308,25,25
M,4956,1081,861,32.5,55
M,857,282,275,5.628571429,5
M,561,529,506,5.2,5
M,696,339,323,22.5,20
M,1909,688,648,13.375,18
M,535,154,200,12,17
M,835,414,429,19.66666667,23
M,553,193,236,4,5
M,652,354,306,8.222222222,7
F,1125,138,281,6.458333333,15
F,416,221,229,13.5,18
M,623,300,293,15,25
F,1516,555,527,4.166666667,4
F,182,181,126,4.352941177,12
M,821,298,304,11.66666667,15
M,2259,567,600,6.4,10
M,423,323,322,9.695652174,15
F,661,286,292,12.5,15
M,660,238,223,15.33333333,10
M,349,308,259,8.111111111,15
M,508,224,245,9.428571429,10
M,639,269,289,9.25,20
M,533,230,256,23.83333333,47
F,275,319,288,5.916666667,10
F,1953,353,337,13.5,14
M,494,331,316,6.571428571,20
F,5951,1330,1060,7.083333333,10
F,678,288,352,5.448275862,6
F,404,295,304,10.54761905,30
F,283,291,288,19.16666667,25
F,1554,663,689,14.5,20
F,5908,1267,991,81.25,25
F,848,288,299,16,10
M,1069,257,308,6.125,10
F,1017,510,537,18.17647059,50
F,5643,939,828,13.33333333,25
M,915,513,559,9.142857143,18
F,748,372,369,10,30
M,803,495,547,15,15
F,208,242,255,17.17647059,20
M,432,230,223,11.1,25
M,1485,478,432,12.875,16
M,4169,670,570,11.85714286,15
M,0,0,0,9,12
F,5000,931,862,25,30
F,1115,340,354,11.4375,16
F,709,515,522,9.9375,12
M,696,314,325,20.4,20
F,911,496,497,6.333333333,20
M,723,414,398,6.538461539,10
F,321,264,243,8.058823529,11
F,5725,763,698,23.72727273,45
F,1895,389,405,6.705882353,5
F,715,340,352,9.25,10
F,3359,897,934,5.8,5
F,950,295,330,4.142857143,5
F,1243,467,464,10.4,15
M,1162,560,571,10.125,15
F,359,260,250,9,10
M,720,357,358,11.6,18
M,1168,430,403,5,7
F,324,204,226,8.2,15
M,828,368,366,20,20
F,1188,218,194,8.333333333,10
F,915,514,514,5.52631579,5
F,2412,534,564,20,10
F,550,173,215,12.5,10
F,4135,608,665,7,7
F,2043,569,399,13.8,20
F,523,330,327,3.0625,5
F,2417,835,693,10.5,10
F,831,286,281,7.375,8
M,364,335,293,9.25,20
F,795,406,397,7.333333333,20
M,2476,453,470,17.66666667,34
F,3693,393,393,11.28571429,14
F,382,211,233,10.64705882,20
F,667,311,298,6.285714286,7
M,906,377,360,10.42857143,15
M,715,371,388,7.466666667,9
M,576,318,339,7.5,25
F,1424,446,477,9.2,25
F,733,378,374,10,20
F,1333,451,234,8.625,12
M,3899,786,749,33.33333333,20
M,658,392,417,5.789473684,5
M,498,302,304,5,5
M,793,372,464,7.5,10
F,641,300,356,14,10
F,558,301,327,14.77777778,20
F,3314,755,820,11.66666667,10
F,558,366,398,6.363636364,7
F,1783,603,609,20,20
F,543,431,421,15,20
M,1344,733,676,7.214285714,11
F,1335,682,644,22.25,20
F,888,368,371,5.714285714,10
F,1968,485,449,9.4,15
M,1033,460,376,15,21
M,934,391,404,6.366666667,4
F,578,306,279,9.857142857,10
M,406,243,255,17.5,16
M,474,205,218,9.133333333,12
M,721,339,335,8.875,20
M,443,288,281,36.11111111,50
F,841,409,378,10,5
M,724,384,319,12.5,21
F,924,443,427,4.666666667,6
F,1056,498,444,3.589285714,25
F,1017,700,647,13.8,50
F,668,322,344,25.83333333,25
F,3528,808,867,6.162790698,5
F,417,300,258,14,15
F,1232,229,241,3.714285714,5
M,396,274,284,9.727272727,14
M,764,307,317,15,20
F,877,473,450,5.25,5
M,696,402,407,10.5,15
F,1109,587,606,13.25,19
F,2099,609,610,10.7,10
F,4778,981,849,19.25,25
M,2264,441,404,11,15
F,740,288,294,4.375,4
F,573,295,285,7.153846154,12
M,258,120,89,5.555555556,5
F,240,280,271,2.260869565,2
M,701,335,405,15.5,25
F,305,103,162,13.33333333,20
F,1271,752,743,15.09090909,20
F,1233,347,365,7.923076923,10
F,802,488,531,11.05882353,14
F,2070,781,678,5.5,10
M,387,221,285,4.923076923,5
M,5914,1500,1275,12.63157895,15
F,656,309,308,7.35,15
F,439,335,350,11.25,24
F,2356,683,651,11.28,11
M,435,399,345,10,13
F,578,280,309,14.42857143,25
F,463,189,221,14,40
F,353,220,221,9,10
M,810,373,374,11,20
M,865,536,530,10,15
M,1172,502,487,25,30
M,916,571,496,9.2,9
F,1234,456,441,11.23529412,14
F,567,395,370,23.125,25
F,752,367,374,5.307692308,6
M,685,305,306,10,15
M,611,302,332,10.30769231,10
F,0,0,0,5.25,5
M,1447,402,355,23.85714286,42
M,2786,366,340,15.83333333,18
M,782,437,443,6.588235294,5
F,693,339,367,6.428571429,5
F,208,261,261,3.181818182,3
M,4474,608,583,10,15
F,334,193,219,12.61290323,10
M,1234,276,308,5.75,10
M,4286,910,883,5.133333333,6
F,1072,597,555,18.6,10
F,696,439,439,10.42857143,10
M,1734,635,638,8.571428571,10
F,550,163,166,5.5,10
M,3874,759,865,14,20
M,759,307,316,18.5,21
M,2105,555,557,10.44444444,15
F,1368,416,487,6.852941177,8
F,1167,274,323,15,15
M,859,454,442,20,30
M,1291,373,402,10.5,10
F,420,234,247,15,20
F,1571,496,518,22.5,10
F,842,469,492,9.913043478,5
F,517,344,348,2.578947368,3
F,1299,589,590,4,12.5
F,670,194,239,8.857142857,10
M,444,241,249,5.8,10
M,509,262,263,5.333333333,5
M,570,322,341,8,15
F,516,252,275,9.857142857,13
F,960,272,329,23.75,25
F,0,0,0,10.5,10
M,781,375,373,8.769230769,20
F,829,394,404,10.6,15
F,1458,446,427,5.5,13
F,978,329,369,15.33333333,23
F,2111,551,529,20,25
M,899,503,503,10.5,15
F,666,432,394,20,25
M,5000,780,737,10.30769231,7
F,620,288,284,9.729166667,21
M,612,404,380,13,20
F,2247,425,430,9.517241379,10
F,1395,580,687,9,10
F,586,295,288,9.142857143,18
M,628,344,337,8.333333333,10
M,1601,351,453,11.85714286,18
M,277,123,154,20,10
F,801,416,410,12.22222222,19
M,220,238,220,3.727272727,5
F,2380,490,567,8.47826087,15
M,492,229,247,5.916666667,2
M,1044,299,278,10.10526316,15
F,969,390,401,26,25
M,1390,412,457,12.55555556,10
F,693,357,367,20,15
F,537,393,388,4.848484849,4
F,652,309,303,15,21
F,2679,600,595,8.95,10
F,1155,399,399,12.5,18
M,1358,481,470,7.545454545,6
F,2192,425,407,3.777777778,4
M,1285,636,640,17.625,15
M,1435,473,485,9.384615385,32
M,556,288,274,10.54545455,20
F,2875,374,347,10,15
F,885,171,263,18.2,27
F,824,289,313,20,20
M,727,383,260,17,36
F,570,249,276,10.0625,25
M,0,0,0,8.3125,10
M,1770,720,713,12,18
F,590,282,309,7.545454545,11
F,238,225,233,14.42857143,20
M,521,297,293,18.18181818,15
F,2439,572,574,17,19
F,693,457,413,15,20
M,237,222,218,12.5,20
M,2102,412,416,15,20
F,571,307,295,9.166666667,10
F,1033,545,544,13.77777778,25
F,1693,467,457,10.875,10
M,589,318,294,11.8,10
M,1938,174,197,10.06060606,15
M,775,296,308,3.956521739,6
F,1024,364,396,7.5,10
F,886,465,447,16.66666667,20
F,915,432,445,10.33333333,50
F,1163,631,633,8.916666667,11
F,2506,455,501,8.875,50
F,717,388,381,12.5,25
M,1025,493,470,13,12
F,438,360,339,4.545454546,4
M,1449,783,720,5.25,4
M,440,288,315,4.705882353,5
F,1812,452,435,4.615384615,5
M,779,223,249,4.037037037,5
M,3431,626,610,15.2,20
M,928,310,396,17.5,21
F,5882,596,623,9.777777778,15
F,660,326,351,9.111111111,10
F,225,198,185,3.15,5
F,376,304,281,4.555555556,3
F,920,375,404,17.375,38
F,700,390,394,15.77777778,17
M,764,385,305,3.966666667,3
M,738,509,479,6.5,2.5
F,821,413,407,20.33333333,28
M,475,302,275,25,25
F,1392,381,484,15,15
F,866,426,446,8.166666667,25
F,956,272,272,6.085714286,15
M,448,291,274,5.578947368,12
M,522,293,323,13.41666667,20
F,3567,739,710,3.411764706,4
F,1444,441,475,6.8,10
F,462,266,274,10,19
M,514,258,268,15,15
F,774,367,392,5.888888889,10
M,633,273,291,25,20
F,1869,560,577,6.157894737,5
M,1213,416,436,12.46076923,15
F,271,180,168,13.6,16
M,740,318,348,15,20
F,457,323,308,6.8,15
M,568,279,282,4.7,5
M,480,214,214,9.714285714,12
F,1381,672,718,15,15
M,863,325,368,68.8,75
F,837,341,397,11.47619048,14
F,1429,253,315,12,25
F,0,664,388,5.466666667,6
M,1637,405,403,11.625,12
M,1559,621,604,20,25
F,835,497,477,9.375,15
F,1259,396,434,13.16666667,12
F,599,335,302,13.73333333,20
M,2123,480,517,24.11538462,25
F,1503,572,519,9.857142857,15
F,922,481,504,10.5,10
F,626,246,258,15,20
F,491,342,334,4.333333333,10
F,607,344,331,8,15
M,844,356,386,8.344827586,20
F,275,252,286,10,10
M,956,278,257,9.666666667,10
F,2653,417,448,12.5,9
F,788,119,116,8.2,8
F,407,220,232,4.411764706,6
M,569,336,342,7.333333333,10
M,855,267,345,10,10
M,619,394,409,11.4,12
F,634,378,355,15.33333333,18
M,397,340,317,3.7,5
M,742,399,421,11,25
M,607,397,393,7.666666667,10
M,866,458,501,10,15
F,831,601,625,19.25,15
F,1782,704,650,18.125,25
F,804,445,454,20,20
F,751,340,338,8.625,15
M,5283,696,674,10.63636364,20
F,845,372,358,9.9375,14
F,1756,355,384,13,10
M,310,171,199,5.736842105,5
M,1857,497,526,20,15
F,1086,433,457,9.375,20
F,1015,500,516,9.571428571,10
F,809,191,209,4.585714286,8
M,648,325,352,5.866666667,10
F,902,413,460,12.4,21
M,889,518,517,16.4,25
F,1309,528,572,7.1,20
M,438,264,240,6.125,5
M,2961,665,716,14.66666667,20
F,1101,560,554,7.9,5
F,704,494,481,3.727272727,2
F,527,321,311,12.90909091,25
M,1519,381,406,10.22222222,12.5
F,1465,341,369,10.70588235,10
M,2765,709,733,8.833333333,10
F,384,203,212,3.659090909,3
F,754,377,402,9.8125,10
F,689,320,343,13.16666667,25
M,3529,648,633,19.85714286,40
M,0,411,407,13.33333333,50
F,1734,405,396,16.42857143,15
F,1174,550,525,5.444444444,5
F,776,356,367,5.636363636,40
M,267,238,233,17.1,20
M,661,346,356,9.238095238,14
F,1368,416,487,5.551724138,5
M,1166,577,589,23.75,60
F,3326,600,582,7.785714286,12
M,1385,464,495,15.8,25
M,609,238,297,9.166666667,15
F,550,188,191,5.25,7
F,263,288,240,3.815789474,5
M,331,258,269,20,30
F,1373,539,445,7.75,10
M,416,221,229,4.25,5
M,916,419,383,20,20
F,438,257,242,15.61538462,10
F,722,317,324,4.852941177,8
F,2169,911,899,12.61538462,24
F,923,584,661,9.230769231,10
F,901,472,459,15,23
M,1345,488,477,11.94444444,20
F,608,410,380,7.25,25
M,290,228,244,8.538461539,11
F,3209,728,648,19.4,25
F,700,385,432,8.157894737,10
F,486,283,281,6.6,5
F,621,266,275,10.16666667,10
M,1548,632,646,25,20
M,1315,369,355,27.5,10.7
M,889,483,468,3.72,5
F,2152,634,501,11.1,11
M,1032,361,390,6.919354839,10
F,1364,468,518,25,25
M,566,242,249,27.5,27
F,813,368,301,6.571428571,5
M,465,239,260,4.833333333,5
F,943,502,453,3.518518519,3
F,675,288,317,20.46153846,30
M,733,453,496,9,10
F,675,520,438,22.66666667,45
F,693,389,223,4.5,6
M,895,366,399,11.84615385,17
F,1884,580,542,16,20
M,5965,1261,1053,9.857142857,16
F,566,223,241,8.058823529,20
M,3671,1158,1043,5.357142857,5
M,1930,520,581,9.363636364,5
M,2170,421,461,38.66666667,25
M,553,307,324,8,15
F,2423,561,578,21.66666667,10
F,617,322,200,5.88,10
M,1209,467,517,3.21875,3
F,150,252,244,5.833333333,6
F,1073,392,432,9,13
M,5817,1445,957,9.84375,15
M,895,465,560,25,25
M,404,351,289,6.189189189,6
F,1881,499,475,22.8,25
M,318,163,192,4.409090909,5
F,476,254,250,5.086956522,5
M,466,260,263,7.615384615,7
F,852,393,408,7.933333333,10
F,3100,488,306,13.52380952,10
M,3564,534,518,20,25
F,1398,213,223,122.1666667,95
F,818,520,514,8.071785714,12
M,2287,615,630,20,30
F,883,351,344,12.5,20
F,1181,424,444,8.428571429,15
F,554,316,351,9.5,15
M,520,209,222,5.195652174,5
F,512,329,295,14,25
F,1175,568,565,5.222222222,5
M,2103,306,385,25,35
M,1578,600,535,9.833333333,15
F,622,338,316,16.65384615,25
F,2208,334,393,11.5,5
F,698,201,250,10.625,10
F,849,422,430,15,15
F,318,292,296,8.894736842,10
F,834,398,423,8,20
M,709,304,339,11.25,15
F,735,571,461,15,14
M,2578,347,415,13.18181818,20
F,875,213,188,11.45833333,18
F,1373,534,612,15,15
F,1292,355,436,10.76190476,5
F,621,315,378,7,8
M,613,348,299,7.076923077,10
F,350,333,286,10,15
M,326,189,189,6.3,5
F,1724,462,492,8.647058824,15
M,2546,389,444,7.764705882,14
F,397,333,329,5.129032258,10
F,2953,307,303,7.923076923,10
F,745,301,295,20,20
F,3454,571,553,13.5625,10
F,2172,344,413,22.75,46
F,1081,484,489,7.941176471,7
F,409,275,275,13,22
M,723,340,360,6.094375,6
M,2632,572,571,6.6,8
M,1038,535,580,8.1,11
F,666,399,403,17.16666667,20
F,717,315,316,9.444444444,10
F,902,367,505,18.75,25
M,422,326,320,6.1875,7
M,1647,599,611,7.388888889,8
F,431,261,264,5.805555556,5
M,1911,486,489,15,21
F,467,239,282,4.428571429,2
M,867,352,383,11.4,15
F,1956,803,842,18.0952381,20
M,1102,469,457,8.769230769,15
M,908,421,442,5.022222222,12
M,3365,742,766,15.375,10
F,533,189,216,13,22
F,747,380,409,10,12
F,1493,298,276,9.303030303,11
M,216,272,258,5.9375,10
F,325,332,271,12.5,20
F,475,263,307,9.666666667,10
M,1392,343,342,8.5,10
F,2291,407,402,18,20
F,1082,454,432,13,100
M,1152,563,585,7.333333333,10
F,573,166,159,9.888888889,6
F,545,353,336,8.619047619,10
M,1951,385,369,4.619047619,5
F,517,321,287,8,10
M,388,198,209,15,20
F,1161,289,262,6.3,8
F,1862,548,575,8.583333333,12
M,1873,428,453,20,15
M,531,342,351,8.083333333,10
F,857,481,399,20,15
F,431,259,281,25,10
F,1580,490,515,9,10
M,2211,584,625,12.36363636,16
M,1167,503,547,8.333333333,8
M,870,510,456,6.428571429,5
F,2346,568,644,6.923076923,15
M,852,438,455,19.30769231,20
M,4026,787,794,11.71428571,12
F,1009,391,393,23,23
M,887,544,597,15,20
F,477,305,309,15,25
F,5149,1122,807,9.961538462,13
M,915,547,573,14.7,25
F,478,243,230,7.25,8
F,236,250,285,5.875,7
F,734,427,398,8.333333333,9
F,3304,614,629,32.5,35
F,591,200,233,7.619047619,10
F,643,384,396,6.25,5
M,3939,1344,1036,9.857142857,15
F,690,361,340,6.8,9
F,1351,526,466,7.333333333,5
F,496,373,337,3.222222222,5
F,469,300,288,9.393939394,13
F,476,235,277,11.25,13
F,1577,377,422,6.352941177,3
F,428,227,251,10.35714286,10
M,1002,566,495,21.27027027,25
M,736,288,291,12.66666667,12
F,784,436,450,5.875,9
F,2982,660,635,7.235294118,15
F,394,281,272,5.285714286,6
F,2189,664,711,15,10
F,452,256,230,5,5
F,281,158,173,9.409090909,20
M,1175,568,565,5.666666667,25
F,985,568,595,6.428571429,15
F,320,310,282,5.2,10
F,882,431,419,6.052631579,8
F,217,163,129,3.425925926,3
F,1833,642,668,17,25
F,952,478,467,14.58823529,16
M,793,454,447,6.615384615,10
M,3256,603,624,14.28571429,10
M,2763,571,530,20,20
F,952,432,423,26.66666667,10
M,2158,617,604,9.857142857,12
F,477,431,386,15,10
F,2235,459,449,5.6,20
M,2000,773,727,35,25
M,1345,436,407,15,15
F,904,374,185,13.80555556,20
F,428,306,315,12.75,20
M,735,343,334,50,50
F,921,466,512,13,15
F,1349,428,465,21.16666667,15
F,338,145,214,9.6875,20
F,2941,843,729,13.55555556,15
F,973,514,506,11.4,25
M,779,258,318,8.888888889,11
M,3514,728,763,8.352941177,11
M,762,475,481,9.727272727,15
M,591,339,333,13.38888889,17
F,2166,515,471,14.33333333,10
F,951,548,483,12.2,15
F,945,324,317,13.33333333,25
F,1408,469,432,3.285714286,5
M,554,281,288,10.375,20
F,789,427,465,17.5,20
F,415,221,239,5.428571429,5
M,818,453,451,4.692307692,5
F,727,466,425,14.2,15
F,1070,388,330,13.57142857,25
F,1342,543,551,4.520833333,5
M,2278,424,462,9.625,14
F,5811,1179,966,16.5,20
F,1145,516,536,12.22222222,21
F,486,309,324,8.294117647,10
F,359,189,211,8.6,11
F,756,321,333,13.46153846,10
F,2443,502,506,12.5,15
F,871,403,380,13.66666667,10
F,280,213,208,8.731153846,7
F,186,91,119,6.25,8
F,634,403,332,3.838709677,6
M,1314,379,376,17.5,50
M,695,482,395,12.5,5
F,646,359,371,7.703703704,14
M,2252,608,645,15,21
M,597,239,252,57.5,100
F,657,290,308,10.61538462,15
M,782,294,307,13,12
F,3992,821,839,10,20
F,807,388,377,9.071428571,15
F,1875,575,343,6.083333333,10
F,2841,460,476,20,20
M,542,172,228,4.4,5
M,694,291,296,7.235294118,5
F,2170,468,473,10.8,13
F,755,233,230,7,7
M,350,352,224,15,25
F,1318,524,466,10.04545455,13
F,800,227,225,7.666666667,5
F,1186,537,513,7.6,15
F,1026,547,579,5.2,10
M,821,417,474,11.66666667,25
F,646,365,354,12,10
M,510,413,303,20.16666667,50
M,587,343,349,5.55,10
F,1010,554,611,15,15
M,915,461,387,10.54545455,12
M,868,382,382,3.592592593,3
M,472,167,203,6.208333333,5
F,3514,728,763,7.333333333,7
M,504,363,372,10,10
F,1098,455,428,3.117647059,2
F,396,290,288,9.428571429,14
M,1733,441,412,8.96875,10
F,363,244,302,23,30
M,1165,363,410,20,20
F,640,391,372,25,50
M,3994,627,609,7.076923077,6
F,381,354,319,10.07142857,16
F,432,319,323,10.76470588,10
F,570,314,325,5.340909091,3
F,1099,363,391,4.833333333,5
M,1076,552,425,17.33333333,20
M,5164,715,782,8.416666667,10
F,655,264,311,6.933333333,11
M,2182,561,559,19,25
F,584,332,346,7.421052632,5
F,854,478,498,8.666666667,15
F,297,175,178,9.214285714,11
F,688,484,437,33,75
M,380,355,340,26.44444444,100
F,470,297,296,17.88888889,25
M,397,244,246,15,15
F,1222,492,472,6.272727273,20
M,454,313,359,11.2,15
F,469,200,218,6.6,15
F,3261,430,482,8.25,20
F,1113,505,428,12.33333333,15
F,1254,411,455,4.285714286,7
F,397,244,246,8.5,10
M,595,347,368,7.125,10
F,521,243,260,5.266666667,5
F,4093,697,685,15.25,15
F,686,182,226,7.59375,5
M,284,271,274,9.117647059,10
F,591,246,249,2.944444444,3
F,822,354,420,9.75,15
F,365,218,215,5.538461539,6
F,833,414,396,9.142857143,25
M,634,271,296,5.25,10
F,1182,430,386,19.43243243,25
M,336,222,229,8.230769231,10
M,450,344,357,10.125,13
F,417,208,217,14.28571429,20
M,1943,444,439,10.33333333,38
F,3692,826,827,7.2,12
F,1033,256,260,12.625,10
F,720,390,341,4.4,10
F,1537,509,528,8.375,20
F,435,232,225,8,5
M,1362,754,714,6.5625,10
F,1568,406,375,10.19047619,15
M,309,174,191,4.454545455,5
F,5975,1500,1311,22.2,25
F,738,379,387,11,15
F,1631,649,820,10,3
M,1217,654,655,4.555555556,5
M,600,417,376,6.333333333,10
F,1936,360,407,10.72727273,15
F,1215,319,352,22.5625,35
F,1375,279,125,14.25,25
F,293,228,258,6.157894737,10
F,1053,343,319,10.71428571,10
F,596,296,343,11.4,11
M,866,423,483,14.5,15
F,734,470,452,11.25,15
F,997,420,416,11.22222222,13
F,1226,416,410,4.444444444,5
F,820,476,555,9.5,12
M,1209,496,524,12.5,15
M,363,269,360,5.863636364,8
M,1493,399,416,10.75,13
M,881,379,348,13.4,15
F,1310,316,411,20,25
F,2959,434,500,9.444444444,10
M,379,236,230,10.5,12
M,2776,667,715,12.5,14
F,583,220,253,11.25,25
F,3306,1109,1060,15.1,21
F,724,443,424,10.66666667,10
M,680,277,328,6.666666667,10
F,1314,453,413,11.19047619,13
M,684,218,225,12.33333333,15
F,724,213,226,5.057142857,5
M,3207,763,708,16.25,10
F,659,303,309,5.55,5
F,549,414,385,5.333333333,5
F,1094,502,531,7.875,10
M,3431,626,610,9.941176471,15
F,2339,416,442,12.85714286,25
F,684,359,397,5,5
F,3247,666,722,11,15
F,524,279,271,11.66666667,22
M,588,353,360,9.5,11
F,956,469,476,9.75,14
M,1368,741,759,9.166666667,15
M,896,512,505,9.8,35
F,380,293,325,9.884615385,10
F,302,283,245,7.666666667,7
F,467,231,237,7,11
F,2145,492,522,11.57142857,15
F,404,212,231,8.4,10
M,2429,413,375,8.75,12
F,2650,965,870,13.75,20
F,595,436,437,7,15
M,902,465,481,10,21
M,684,222,247,12.2,20
F,240,156,153,3.260869565,4
F,1305,650,605,7.583333333,10
F,0,0,0,8.777777778,10
F,1117,478,467,12.5,15
F,1701,493,486,10.68421053,11
F,834,368,369,14,15
F,881,412,428,9,15
F,1553,238,295,5.863636364,6
F,705,241,251,15.4,15
M,529,431,434,4.652173913,5
M,720,448,452,7.923076923,10
M,777,424,353,13.16666667,15
F,5000,643,612,15.5,17
F,271,236,242,9.866666667,13
F,172,252,229,4.965517241,4
F,4705,858,904,9.636363636,12
M,589,239,266,6.142857143,10
M,1823,366,344,20.83333333,45
M,1003,484,481,6.25,6
F,2600,435,424,11,16
M,3451,636,645,15,20
M,621,374,315,9.6,18
M,365,309,287,6.933333333,3
F,1861,507,529,16.25,25
M,678,292,303,13.33333333,40
M,710,242,260,6.296296296,11
F,1287,553,604,17.125,15
F,1525,483,522,9.6,14
F,829,244,270,6.833333333,10
F,2574,308,338,13.71428571,25
M,3950,505,517,8.043478261,10
M,838,221,251,11.2,10
M,4764,791,829,20,20
F,1162,560,571,10.83333333,20
M,944,459,559,8.833333333,10
M,1060,572,637,7.866666667,10
M,482,305,286,10.7,16
F,2051,416,454,23.125,12
M,1264,427,424,25,25
F,1714,467,501,10,20
F,1502,352,389,11.66666667,2
M,450,361,329,9.5,13
M,1074,472,510,6.12,8
F,3992,821,839,6.666666667,20
M,429,257,243,7.333333333,16
F,493,297,238,5.206896552,5
M,814,430,421,4.206896552,10
F,832,289,312,12.28571429,40
M,350,203,221,12.6,20
M,260,176,226,5.956521739,5
F,749,339,378,16.85714286,20
M,4220,1311,954,12,19
F,330,179,234,10.30769231,11
M,882,430,431,11.33333333,11
M,2030,515,531,5.074074074,5
F,383,190,227,23.66666667,50
M,441,320,319,8.2,8
F,625,379,395,12.57142857,20
M,1602,477,429,7.875,15
F,1079,452,502,13.24,20
M,981,383,396,6.5,9
F,683,436,422,6.571428571,5
F,1897,519,476,15,15
F,1020,544,586,21.25,35
M,2221,562,569,8.571428571,10
M,659,280,303,9.5,15
M,429,282,239,16,37
M,900,1151,643,20,20
F,2225,632,662,10,15
F,540,332,361,5.4375,11
M,274,186,203,15.66666667,10
F,638,418,418,4.636363636,4
F,157,150,185,13.33333333,15
M,342,291,277,11.5,10
M,714,311,333,12.07142857,6
F,652,458,467,14.15789474,20
F,416,215,228,7.272727273,8
F,984,357,375,9.5,8
M,919,494,524,7.272727273,12
M,332,246,256,8.142857143,10
M,818,425,426,27.28571429,45
M,443,309,292,9.8,13
F,441,268,261,7.181818182,8
M,416,317,328,10.2,12
F,759,332,332,6.1,10
F,988,164,223,15,15
F,752,332,353,17.52941177,26
F,1344,490,595,4.142857143,4
M,3645,414,428,12.625,17
M,237,323,251,11,19
F,1930,520,581,10.33333333,20
F,475,384,376,25,30
F,697,208,244,9.666666667,15
F,2753,613,620,20,35
F,613,286,279,17.83333333,18
F,1834,418,443,8.642857143,10
M,1435,270,300,15,10
M,840,448,469,17.5,25
F,391,294,278,4,12
F,547,320,306,12.625,10
M,1081,401,417,26.57142857,43
M,521,384,398,8.571428571,10
F,708,346,332,7.181818182,10
F,764,361,346,7.913043478,15
F,698,300,265,13.125,25
M,569,270,310,6.647058824,10
F,1892,659,704,9.5,30
F,499,325,320,20,20
F,313,165,189,7.62962963,5
M,1324,779,825,8.8,15
M,551,376,391,12.8,40
F,951,178,222,17.875,20
F,463,274,278,3.6875,4
M,373,190,221,15,15
M,781,422,434,7.8,8
F,509,377,410,15,10
M,943,403,435,11.56,15
F,714,363,372,9.055555556,15
M,551,309,316,3.288888889,3
F,1123,575,631,8.230769231,10
F,544,305,282,6.666666667,5
F,2258,428,398,13.63636364,30
F,1516,430,491,5.4,6
F,1437,575,611,25,16
F,2083,833,726,40,25
F,2977,659,627,13.14285714,5
M,1752,869,914,14,15
F,704,339,404,10,21
F,521,307,322,14.88888889,38
M,1662,831,808,13.57142857,20
F,776,422,406,4.35,5
F,574,324,348,9.625,15
F,570,339,333,6.904761905,8
F,1333,359,300,15,20
M,2098,476,450,11,10
M,3273,608,694,16.66666667,20
F,1382,360,384,15.2173913,25
M,1047,305,294,9.516129032,10
M,698,412,418,9.5,12
F,1075,449,373,10.31578947,10
M,4286,910,883,15,25
F,606,402,370,8.80952381,10
M,578,370,340,4.733333333,10
M,914,515,469,6.666666667,9
M,561,357,334,12.4375,15
F,2094,401,395,23,23
M,960,587,600,15.28571429,20
M,860,395,393,9.238095238,10
M,1463,247,343,15,5
M,1588,328,295,28.75,50
F,598,426,352,6.84375,7
F,695,299,325,12.2,10
F,477,345,342,5.833333333,1
M,1201,465,449,6.352941177,17
F,1117,461,461,20.94444444,21
M,465,281,259,7.533333333,5
M,680,324,358,6.363636364,10
F,679,468,477,5.5625,5
M,592,294,290,21.66666667,25
M,2575,551,561,17.5,25
M,1105,285,303,10.5,16
F,1269,457,443,3.4,4
M,1257,509,350,5.625,6
F,3938,325,271,13.57142857,10
F,2119,1010,964,22.5,30
F,1200,552,516,14.68421053,12
F,394,244,251,6,8
F,3242,408,398,3.25,9
F,253,125,139,13.55555556,10
F,2670,502,496,4.714285714,4
F,550,360,349,5.866666667,10
M,825,522,518,6.181818182,5
F,914,419,425,7.454545455,9
F,524,357,384,9.666666667,5
M,396,274,284,3.125,3
F,446,201,218,5.8,6
M,576,386,407,3.117647059,4
F,2019,535,551,5.333333333,5
F,3213,703,735,28.04166667,25
M,1330,419,437,5.083333333,5
M,480,288,302,15.375,10
F,630,224,296,4.2,6
F,1286,373,389,8.8,9
F,2500,236,298,25.5,28
M,643,297,298,30,50
M,524,253,300,7.666666667,21
F,679,393,408,5.142857143,5
M,2901,585,556,13.66666667,20
M,700,412,421,12.92307692,15
F,390,309,290,13.75,15
M,519,310,337,20,15
F,931,492,472,22.69230769,25
F,475,319,325,5.235294118,10
M,563,250,252,14.57142857,15
F,419,268,258,8.166666667,12
F,2448,515,552,9.545454546,11
F,1001,455,447,7.05,5
M,1114,631,607,10.73333333,10
F,368,220,216,5.615384615,7
M,1454,526,575,11.64285714,20
F,695,304,279,7.5,8
F,819,263,323,4.454545455,10
M,1216,470,492,15,15
M,567,240,302,10.54545455,10
F,541,239,220,15,15
M,418,227,220,15,15
M,334,259,259,14.72,10
F,1024,267,299,10,12
F,644,294,314,7.75,15
M,152,174,195,3.25,3
M,535,192,204,12.53333333,20
M,206,164,194,4.434782609,5
F,3576,768,729,11,14
F,589,331,321,5.088235294,5
F,1781,186,252,7.230769231,5
F,3833,426,461,12.2,20
F,798,252,297,20,20
F,1108,395,393,21.66666667,25
M,704,370,392,7.5,10
F,1077,733,766,7.8,10
M,891,516,595,4.277777778,5
F,933,290,333,10,15
F,331,172,232,10.66666667,11
F,1244,713,743,9.9375,12
M,1158.437751,388,417,16.14285714,20
F,529,218,257,6.083333333,12
M,526,348,321,5.8,10
F,621,237,272,11.66666667,15
M,1158.437751,275,376,7.625,15
F,638,236,220,4.652173913,7
F,451,227,245,16,10
F,496,405,462,5.857142857,5
F,428,250,264,8.733333333,10
F,629,444,445,5.2,7
M,3125,759,714,6.098901099,10
M,1427,435,456,7.230769231,3
F,680,238,320,10,17
F,1158.437751,415,452,20,20
M,405,340,349,4.785714286,20
F,397,294,259,9.8,20
M,736,646,654,9.6,16
M,996,419,382,10,5
M,2375,516,465,21.875,30
F,402,251,199,6.538461539,8
F,848,397,392,15,15
F,1603,346,445,12.66666667,20
F,742,424,450,14.28571429,50
F,2556,670,610,12.09090909,15
F,3081,514,485,13.06666667,20
F,375,215,216,15,15
F,1248,394,384,6.363636364,8
F,658,143,206,11.33333333,10
M,2328,469,434,25,20
M,1239,287,337,6.75,5
M,849,508,470,12.8,25
M,1163,446,495,11.375,5
F,1609,592,579,22.5,25
F,706,458,434,8,10
F,860,322,329,18,5
M,648,349,358,8,10
M,749,339,378,8.333333333,5
F,2008,863,782,5.166666667,5
F,706,470,467,12,20
M,5567,1189,1045,25,30
F,363,298,288,5.125,10
F,2679,470,535,9.75,15
F,1522,425,462,13.875,20
M,1363,524,581,13.7,20
M,709,271,291,9.545454546,10
M,550,427,467,5.545454545,8
F,1093,424,392,4.25,5
M,542,305,303,7,20
M,819,432,407,4.720588235,10
F,850,468,470,20,20
F,2132,714,721,13,22
F,1725,408,425,13.21428571,20
F,1057,489,482,9.2535,10
M,1458,660,635,6.833333333,9
M,1194,307,311,15.33333333,20
F,426,240,255,23,23
M,641,336,317,8.578947368,10
M,750,366,152,10.66666667,13
F,1462,639,627,15,15
F,582,195,212,9.714285714,5
M,640,292,232,3.545454546,3
F,460,279,258,7.166666667,10
M,580,343,324,8.363636364,15
F,1510,522,450,20,35
M,598,294,301,8,9
F,910,492,525,7.5,10
F,480,359,306,15,10
F,619,247,277,8.217391304,12
F,513,234,260,3.411764706,5
M,2811,577,599,17.25,22
F,1079,714,519,10,18
F,2670,493,461,35,50
M,0,0,0,6.25,10
F,713,235,237,13,15
M,5982,1500,1214,22.5,22
F,650,131,243,8.909090909,13
M,399,309,279,7.2,7
F,1326,401,347,7.25,15
F,5000,618,541,20,50
M,323,149,157,11.5,5
F,1095,600,584,10,20
M,675,249,254,11.53846154,14
M,1685,340,325,7.545454545,14
M,702,423,419,12.2195122,25
M,601,225,251,13,25
F,882,373,372,16.51851852,25
M,2644,447,555,12.5,5
F,896,430,466,15.3,20
M,465,292,285,7.733333333,100
F,845,351,496,6.25,9
F,2907,514,463,9,15
M,1964,487,419,10.16666667,13
M,783,350,340,10.45454546,10
M,483,231,245,4.833333333,5
F,380,179,227,15,20
M,670,413,432,7.833333333,15
M,316,256,237,4.142857143,4
F,953,379,387,15,21
F,834,311,297,10.25,16
F,1200,613,576,7.857142857,15
M,1031,390,383,30,30
F,891,446,439,8.714285714,5
M,3543,575,556,10.6,16
M,1547,522,529,12.6,15
M,768,201,220,8.785714286,10
M,2126,510,489,7.3,20
F,1133,626,651,13.33333333,15
F,2556,670,610,17.27272727,27
F,3700,583,559,12.5,14
M,565,293,305,6.846153846,12
F,975,366,322,3.407407407,3
M,632,316,344,5.285714286,5
F,2645,655,682,21.6,25
F,918,335,349,5.766666667,5
M,515,256,265,7.272727273,10
M,875,218,243,7.6,14
F,962,369,415,9.277777778,10
F,862,301,283,20,20
M,506,245,231,8.4,10
F,600,377,392,3.761904762,10
F,345,206,208,8.833333333,13
M,5725,763,698,5.606060606,10
F,2016,633,700,8.6,10
F,660,405,375,15,10
F,562,300,311,15,15
F,3077,754,617,5.272727273,5
F,517,266,243,8.333333333,15
F,1176,314,308,9.111111111,14
M,693,457,413,4.3,2
M,1418,507,467,16.5,25
F,904,394,391,5.5625,11
M,473,296,287,7.166666667,8
M,605,241,269,19.6,35
M,0,0,0,22.5,25
M,4244,818,708,7.357142857,10
M,448,224,247,9.916666667,10
M,467,261,261,10,15
F,2392,365,316,11,10
F,313,281,292,11.5,21
M,128,345,340,8.615384615,10
M,253,215,234,4.230769231,10
M,689,356,370,19.52380952,25
F,3514,732,717,5.222222222,5
F,313,165,189,17.75,16
F,944,350,430,13.09090909,17
F,1089,324,328,8.826086957,10
M,623,348,301,9,10
M,1327,573,564,8.333333333,10
F,5438,967,928,15,20
F,546,278,283,5.434782609,10
F,1158.437751,221,337,7.454545455,12
F,608,350,268,14.82352941,22
F,377,283,281,10.16666667,11
M,756,423,394,23.85714286,37
M,377,304,275,9.8,15
M,604,372,302,11.66666667,20
F,310,258,309,9.833333333,15
F,1130,383,385,14,20
F,703,394,353,15.25,24
M,696,407,377,5.46,5
M,457,272,278,9.592592593,20
F,5727,1051,826,5.346153846,5
M,1139,676,670,35,50
F,554,186,211,5.4375,10
M,606,322,320,37.5,30
F,635,248,269,13.25,20
F,1407,407,369,10.2,10
M,3500,521,486,20,20
M,3617,558,614,6.666666667,10
F,625,274,301,7.222222222,13
F,640,310,347,9.235294118,10
F,1151,496,551,15.22222222,20
F,918,407,489,20,10
M,1769,382,410,17.5,10
M,973,365,368,13.14285714,10
F,418,238,293,11.14285714,14
F,1158.437751,273,294,6.6,7
F,1778,502,445,13,20
F,1185,384,311,9.666666667,10
F,4750,285,314,10,15
F,2176,453,461,7.076923077,13
F,363,324,283,6.8,10
F,1036,524,520,4.166666667,5
F,899,500,510,10,10
M,0,0,0,21.72222222,25
F,2741,453,467,12.5,12
M,1114,516,492,15.22222222,32
F,456,208,216,4.333333333,4
F,436,321,351,16.78571429,23
M,338,274,318,10,10
F,474,332,316,20,5
F,838,403,394,3.939393939,5
F,825,572,590,10,20
M,876,525,576,4.266666667,5
M,631,380,382,6.6,6
F,698,396,355,12.71428571,20
M,557,364,326,13,23
F,691,347,383,10.62921348,32
F,368,200,227,7.75,11
F,1751,282,328,25,10
F,865,387,392,8.375,7
M,1176,608,609,8,12
M,684,318,336,15,15
F,2730,304,391,5.127659575,10
F,392,301,295,5.4535,5
M,303,294,299,3.722222222,5
M,1279,249,315,8,10
M,562,268,312,7.625,10
F,413,227,229,9,10
F,1283,386,367,12.33333333,10
M,911,285,319,8,10
M,1110,474,532,23.66666667,36
F,1361,409,441,5.833333333,5
M,340,150,165,3.6,5
M,605,415,377,21,50
M,885,331,343,9.733333333,12
F,588,310,293,12.5,15
F,2172,1048,1031,23.33333333,35
F,1300,717,674,9,19
F,1625,197,238,6.214285714,10
F,3238,389,325,15.4,35
M,595,283,312,10.83333333,15
F,282,198,190,15,10
F,3905,1022,923,8.25,10
F,376,401,405,12.42857143,14
M,3254,607,485,25,30
F,411,225,225,9.428571429,15
F,1043,544,578,15,15
F,375,138,189,3.576923077,5
M,828,495,515,10.13333333,13
F,4051,605,617,4.571428571,10
M,606,244,265,11,10
F,781,263,294,6.333333333,5
M,640,266,303,7.642857143,5
M,786,354,349,11.33333333,10
F,629,339,319,10.33333333,15
M,1385,358,391,14,16
F,534,223,231,3.357142857,5
M,2589,650,692,11.75,15
F,777,408,346,7.555555556,10
F,2313,646,579,7.428571429,8
F,235,257,250,10.91666667,15
F,1988,463,429,12.375,13
F,970,370,389,12.66666667,25
F,685,205,227,17.4,20
F,693,415,446,10.11111111,21
M,1050,290,296,5.2,9
M,1563,349,275,7.666666667,9
F,2798,428,469,14.5,15
F,2043,385,412,9.666666667,25
F,772,365,447,9.7,15
F,988,521,509,10,10
F,431,209,219,12.5,15
F,1625,531,578,9.25,10
F,376,233,219,6,10
F,701,348,394,9.685,5
M,530,307,296,9.310344828,12
F,1208,549,616,13.8,16
F,681,398,356,30.75,51
M,755,530,520,12.14285714,17
M,1148,311,321,13,10
F,2332,533,528,5.714285714,6
F,1506,573,632,32.91666667,50
F,487,152,161,3.444444444,3
M,1210,519,511,12.22222222,12
M,229,260,246,15.91666667,15
M,885,565,473,11.1,15
F,298,250,269,3.857142857,5
F,1045,347,337,24.75,25
F,484,324,265,9.5,25
M,501,403,424,27.625,50
F,625,190,226,13,21
F,688,187,258,5.571428571,5
F,2908,644,677,16.25,25
M,1007,498,543,17.5,35
F,750,171,223,21.33333333,10
F,1088,288,308,20,20
M,304,260,281,5.8,6
M,1202,281,308,8.611111111,13
F,827,415,386,4.473684211,4
F,1585,358,373,20,5
M,457,270,256,13.57142857,14
M,2279,463,491,9.5,10
F,587,325,316,8.214285714,12
F,424,244,236,4,3
F,397,293,270,6.857142857,7
F,739,347,339,8,10
F,3018,749,749,20,20
M,688,364,335,10.66666667,25
F,1442,321,333,18.25,44
M,491,255,248,8.25,20
M,1426,534,509,20.14285714,25
M,2667,577,579,7.666666667,15
F,575,422,449,17.14285714,26
M,1453,607,590,15,21
M,833,299,378,11.85714286,10
F,571,259,280,8.9375,16
M,413,239,259,4.848484849,5
M,3919,453,552,23.14285714,35
M,914,530,467,16.5,30
F,1656,350,356,15.35,25
F,0,0,0,6,1
F,493,202,223,44.72727273,25
F,636,412,332,16.66666667,25
F,923,481,493,12.9,20
M,696,406,421,13.8,21
M,2581,641,561,14.44444444,15
M,1093,413,434,9,10
F,727,421,431,13.75,10
F,616,373,375,4.416666667,5
F,765,381,435,5.9375,4
M,369,269,266,25,30
F,586,327,334,8.818181818,15
M,397,210,230,9,10
M,804,408,400,15,21
F,518,213,228,10,5
F,1149,526,550,11.5,10
M,494,306,296,4.102564103,5
M,880,433,469,7.555555556,10
M,1112,619,597,6,6
M,960,411,398,20,20
F,5287,1105,949,13.375,30
M,697,488,457,15.33333333,20
F,548,236,261,7.941176471,10
F,794,396,461,10.81818182,15
M,716,373,419,10.36363636,15
M,943,509,523,17.09090909,18
M,1133,601,533,12.21428571,15
F,595,274,288,6.125,10
M,705,293,284,25,40
F,1844,713,726,7.75,10
F,334,265,269,13.57142857,20
F,515,361,315,10.6875,10
F,318,197,200,15,15
M,825,263,405,4.764705882,5
F,1530,545,535,10.85714286,17
M,922,304,319,4.278688525,3
F,1999,163,215,13.85714286,10
M,530,242,316,20,10
F,576,312,301,19.92307692,30
M,925,457,463,9.3,11
F,827,542,598,19.6,26
F,1989,607,540,7.9,10
F,734,404,403,5.083333333,7
M,572,227,263,17.6,20
F,1152,546,542,5.090909091,5
M,1605,420,442,15,17
F,2598,570,576,9,15
F,967,391,392,8.416666667,10
F,310,288,244,4.608695652,5
F,454,261,290,13.81818182,20
M,587,319,362,26.5,40
M,3404,750,770,10,20
M,1738,375,387,17.1,20
F,1283,292,295,11.53333333,14
F,886,351,366,17.33333333,21
F,927,359,333,7.666666667,10
F,649,399,350,7.941176471,10
M,1869,560,577,6.4,5
M,709,442,440,12.4,30
F,951,611,639,3.333333333,4
F,856,478,497,8.357142857,15
M,664,363,389,9.6,10
F,695,371,338,4.692307692,4
M,651,367,336,20,30
F,328,308,300,15,21
M,337,344,350,5.547619048,5
F,475,90,150,9.533333333,12
F,295,219,242,9.454545455,15
F,2302,390,411,7.133333333,10
F,513,288,313,5.777777778,6
F,1452,279,346,12.61538462,20
M,5940,1114,721,13,18
F,1159,511,529,12.45454546,20
F,748,495,515,3.222222222,2
F,1478,383,334,21,23
F,1272,410,421,6.923076923,10
M,331,206,219,13,15
M,839,419,445,7.548387097,8
F,608,173,219,9.375,10
F,727,395,401,8.785714286,10
F,1364,477,483,20.875,10
F,731,402,410,8.833333333,10
M,4769,660,607,28.75,40
F,1105,461,362,4.576923077,10
F,1010,519,560,7.16,11
F,5725,763,698,9.923076923,15
M,709,431,420,8.75,8
M,214,176,203,17,23
F,491,331,314,7.5,15
F,726,321,362,7.363636364,8
F,816,515,509,3.703703704,4
F,1060,370,422,4.95,4
F,828,506,487,4.75,5
M,2291,407,402,8.875,15
M,1385,409,419,5.321428571,5
F,775,266,272,12.66666667,20
M,2098,752,611,9.75,12
M,568,406,429,7.80952381,12
F,409,268,266,5.602941177,7
F,873,486,459,14.66666667,25
F,397,209,235,3.62962963,5
F,384,166,187,12.2,20
F,5778,1068,668,62.5,100
M,1098,386,427,22.78571429,50
M,709,459,485,29,25
F,546,208,219,14.8,2
F,1073,407,411,11.66666667,10
F,303,204,225,3.75,4
F,690,353,330,11.52631579,15
M,589,388,398,8.777777778,10
F,355,312,312,15,21
M,549,327,313,16.42857143,20
M,5344,943,787,17.5,25
M,1438,570,534,12.57142857,25
F,1191,362,455,25,50
F,801,441,469,9.789473684,15
F,333,273,281,11.66666667,51
M,948,365,368,9.4,35
F,698,395,382,20,20
F,735,235,256,13.28571429,20
F,565,297,304,3.95,5
M,3385,731,705,14.2,25
M,1137,490,503,20,10
M,1326,503,675,41.83333333,100
F,423,280,276,8.166666667,9
F,1431,289,289,7.153846154,3
F,2481,248,270,9.166666667,5
F,663,406,399,12.7,20
F,1909,510,468,12.5,20
M,727,381,399,11.2,20
F,729,343,400,4.894736842,7
M,424,332,310,39,44
M,693,325,352,24.44444444,50
F,737,363,338,7.038461539,12
F,331,370,320,14,15
F,3447,400,451,13.44444444,10
M,355,283,250,10,10
M,466,292,291,5,9
F,835,423,487,3.375,3
F,1258,634,649,8.296296296,15
M,482,226,234,12.53846154,15
M,404,279,322,7.307692308,20
F,682,342,364,7.772727273,10
F,989,477,507,12.08333333,12
F,691,406,311,5,5
F,560,227,270,17,25
M,906,617,563,30.28571429,42
F,831,415,426,25,30
F,5544,761,769,24,33
M,740,585,616,14.22222222,10
M,566,277,279,11.33333333,11
F,1872,445,421,3.857142857,10
F,381,267,257,9.0625,10
F,914,363,371,10.33333333,10
M,765,332,373,9.875,15
F,2773,385,431,17.91666667,20
F,1400,304,281,10,7
F,1546,388,379,7,10
F,1353,349,290,7.05,9
M,1117,501,527,7.5,5
M,391,263,255,16,17
M,780,434,494,10,20
F,680,243,282,13,20
F,852,401,383,4.076923077,4
F,992,568,573,6.545454545,4
M,2051,519,547,7.666666667,7
F,325,181,171,6.7,5
M,3438,166,142,8.578947368,15
M,1977,693,751,10,10
M,1437,444,480,12.76,200
F,563,430,366,4.941176471,10
F,842,375,446,7.5,15
F,354,256,277,7.7,10
F,720,432,406,8.8,10
M,419,277,284,5.227272727,5
M,1538,343,355,6.2,10
F,1281,386,372,8.333333333,8
F,680,387,352,10,5
F,1000,458,377,17.33333333,48
M,279,165,170,12,25
M,2074,515,560,6.5,7
F,3297,719,762,25,50
F,478,397,331,11.7,10
F,948,353,367,11.5,15
M,1730,843,833,13.75,25
F,398,258,275,15,5
M,633,326,351,12.33333333,16
F,2380,348,315,14.18181818,15
F,914,363,371,11,25
F,705,304,308,10.54054054,20
M,1072,597,600,15.53846154,26
M,4572,525,499,8.48,10
M,967,463,478,9.333333333,12
F,2631,753,772,25,25
M,1610,644,551,12.5,12
F,1613,352,403,6.548387097,15
M,934,353,334,12.22222222,15
F,1143,374,356,6.266666667,10
M,927,250,280,6.647058824,8
F,5846,1177,785,30.66666667,30
F,218,208,226,11.66666667,20
M,431,307,309,5.8,5
F,803,361,350,5.666666667,12
F,753,393,371,12.57142857,15
M,1838,465,536,5.142857143,5
M,864,409,410,11,10
M,1279,456,403,11.25,12
F,870,514,515,7.3,10
F,2171,508,492,10.81818182,11
F,813,485,489,9.307692308,5
F,2618,657,664,22.5,25
M,515,284,336,26.95,10
F,5377,949,811,100,10
F,1034,534,558,9,12
F,605,454,426,20,20
M,240,232,243,7.909090909,8
M,829,485,379,20,10
F,1189,310,325,13.5,15
M,5828,1043,854,10.66666667,20
F,2076,443,479,6.666666667,10
M,1679,519,553,7.6,10
M,996,370,391,3.655172414,3
M,1136,531,578,36.36363636,53
M,2196,797,700,10.625,15
F,395,154,177,6.214285714,6
F,753,383,412,19.22222222,35
M,278,190,204,17.5,15
M,5679,787,629,8.5,15
F,494,161,175,25,25
M,1600,551,603,17,25
F,273,231,220,10.07692308,11
F,1500,346,331,10.44444444,12
F,1941,412,474,13.65217391,20
F,3909,886,878,20,20
F,615,348,336,7.363636364,20
F,5000,400,427,11.25,10
F,917,480,434,5.285714286,2
M,1590,575,647,10.21428571,10
M,554,345,324,20,20
M,993,417,386,12.5,12
F,714,302,256,5,5
M,690,392,412,10.125,14
M,566,378,363,3.571428571,6
M,1208,603,574,13,23
M,1079,614,650,27,10
F,354,234,266,6.111111111,9
M,354,258,231,7.733333333,6
F,1216,621,527,5.909090909,10
M,538,313,269,15.33333333,25
F,618,363,375,7.25,17
M,184,152,192,10.4,20
F,950,402,390,9.5,10
F,650,304,322,6.5,10
M,550,401,365,5.518518519,5
F,866,375,410,13.33333333,15
F,2130,309,380,5.705882353,6
F,978,434,355,5,5
M,598,318,327,5.055555556,5
M,487,308,275,4,5
F,859,499,503,10.33333333,15
F,359,186,223,8.222222222,15
F,2298,514,473,98.78571429,200
M,1088,308,335,10.83333333,15
M,646,237,299,3.190476191,3
F,740,450,446,5.764705882,10
F,743,483,495,7.555555556,10
M,1781,776,835,15,15
M,1003,322,318,7.038461539,10
M,1478,605,575,15.125,21
F,687,410,431,12.83333333,15
F,457,256,197,15,21
F,1884,458,490,7.6875,5
F,1545,326,360,16.25,10
F,2880,539,566,8.315789474,12
F,845,351,496,4.875,5
F,1239,571,624,15.84615385,30
F,753,432,417,25,10
F,2885,773,798,53.85714286,101
M,2292,670,680,10,15
M,949,347,347,12,12
F,1387,464,403,11.4,17
F,568,279,282,3.444444444,5
F,917,463,476,8.571428571,9
F,243,147,154,9.0625,20
F,2356,359,359,15.83333333,20
F,844,373,356,20,25
M,338,315,336,4,10
F,1118,563,562,14.38461539,23
F,770,239,161,8.352941177,10
F,557,302,267,20,20
F,477,221,274,9.1,15
M,1089,580,581,12.33333333,20
F,3898,754,785,15.55555556,15
M,639,236,274,6.55,10
F,2215,260,263,15,20
F,664,283,286,12.4,20
M,4548,848,831,10,15
F,690,334,353,22.22222222,25
F,391,323,326,15,5
F,732,414,400,7.285714286,8
F,728,335,297,11.22222222,14
M,376,234,234,8.085,15
M,466,266,258,16.25,20
F,1657,360,388,4.1,3
F,4058,701,671,35,35
M,927,464,391,30,40
M,3365,525,655,17.5,25
M,2130,309,380,15,27
F,1446,520,544,14.8,35
M,2278,604,571,15.55555556,5
F,493,252,264,13.3,20
F,450,208,270,7.625,9
F,4250,301,363,5.75,10
M,842,266,277,12.5,16
F,1092,587,620,8.333333333,8
M,625,362,362,8.5,11
F,643,272,296,23.33333333,25
M,676,409,380,6.75,15
F,1101,631,615,11.66666667,17
F,706,316,339,6.47826087,12
F,1745,348,398,10.41463415,10
F,3422,775,693,18.2,27
F,3576,768,729,8.887714286,11
F,590,319,304,15,10
M,996,284,300,5.25,5
F,945,317,376,4.625,10
F,1757,488,560,8.388888889,10
M,2609,497,542,4.5,25
F,598,333,322,7.25,10
F,667,325,352,9.090909091,10
F,673,383,381,12.11111111,20
M,1443,272,329,10.4,19
F,1778,480,439,6.527777778,12.5
F,661,236,247,7.214285714,10
F,436,302,351,7.052631579,10
M,2394,382,439,10,21
M,551,322,338,6.727272727,14
F,517,256,240,12.22222222,10
F,2549,616,590,15,30
F,465,313,312,4.5,7
F,435,357,378,7.4,10
F,665,246,276,5.466666667,8
F,801,488,409,16.5,15
M,628,363,362,10.53846154,10
M,729,434,442,17.66666667,40
F,818,155,195,7.642857143,10
M,561,376,386,12.5,25
F,653,218,252,7.935666667,20
M,396,318,335,8.647058824,5
F,3836,616,579,13.06666667,17
M,427,194,168,3.357142857,5
M,718,243,274,13.42857143,37
F,259,311,316,7.346153846,10
F,397,168,216,13,19
M,332,278,269,11.4,25
M,932,506,519,18.26666667,24
F,2250,319,333,7.142857143,13
F,5222,906,843,15,25
F,834,377,306,7.916666667,5
F,1332,547,645,3.5,3
F,814,518,532,8.5,20
F,550,0,601,10.96296296,15
M,550,251,255,25,25
M,1227,336,346,7.428571429,10
M,1569,605,626,18.33333333,20
F,701,578,521,15,15
F,1354,506,530,8.636363636,15
F,614,272,227,8.038961039,12
F,940,339,333,7.857142857,5
F,2056,597,658,17.66666667,20
M,800,249,298,12.10869565,35
M,554,346,333,4.578947368,6
F,2182,561,559,6.590909091,10
F,929,446,465,12.875,15
F,2379,651,596,19,10
M,908,422,465,6.055555556,5
F,786,493,391,11.71428571,30
F,450,310,301,4.8,6
M,2223,331,492,5.666666667,10
M,553,249,275,10,15
M,331,291,276,5.470588235,8
M,1089,324,328,22.88235294,31
F,737,382,395,8.428571429,10
M,486,261,274,11.82352941,15
F,376,214,244,3.5,5
M,1074,472,510,9.363636364,15
M,717,304,381,8.75,5
M,543,224,252,14.42857143,25
M,1276,516,571,32.33333333,41
M,451,226,236,18.33333333,25
F,465,295,298,5.285714286,5
F,1349,593,521,5.3,11
F,917,286,318,8.5,10
F,3130,624,631,20,20
F,850,468,360,10.35714286,15
F,550,345,327,16.5,25
F,1865,609,644,13.25,11
F,1033,448,510,9.6875,40
F,403,260,253,7.571428571,10
M,2192,410,515,24,23
M,2656,492,488,8.7,15
F,564,251,254,15,22
F,1182,374,361,17.5,10
F,646,399,408,4.666666667,5
F,877,503,460,11.42857143,15
M,424,255,242,8.75,20
F,928,484,456,20,20
M,1052,505,525,7.2,10
F,392,238,322,10.95454546,20
F,2347,570,574,7.8,10
F,668,271,241,3.285714286,3
M,727,381,399,4.625,10
M,1053,631,609,28.53846154,53
F,2159,905,938,7.333333333,21
F,616,311,316,7.333333333,10
F,2421,544,568,12.14634146,18
F,386,256,254,15.44444444,17
M,1289,476,521,50,75
F,874,516,543,17.33333333,60
F,441,288,279,8.083333333,10
F,606,530,461,6.875,10
F,527,315,289,13,14
F,655,369,344,6.35,12
F,0,0,0,6.428571429,13
F,1102,540,470,15,10
M,3818,637,649,8.75,10
M,481,265,282,8.666666667,9
M,421,310,295,2.971428571,3
F,550,218,296,16,21
F,586,351,348,8,17
M,1401,252,274,14.33333333,10
M,1974,469,528,10.33333333,15
F,5886,1500,1005,20,25
M,557,370,368,7,15
M,1416,321,357,11,21
M,688,305,267,12.5,12
F,1610,310,375,8.055555556,9
F,5500,535,597,15,20
F,2352,478,434,15,10
M,1938,482,500,55,50
F,1705,565,610,12.5,25
M,861,240,280,10.88888889,16
F,875,188,142,8,10
M,738,400,402,7.4,10
F,251,212,238,9.4,25
M,469,222,245,10,10
F,681,337,355,7.375,15
M,486,299,310,8,9
F,943,465,435,10,10
M,2799,576,554,14.80952381,37
M,531,248,283,11.66666667,25
F,645,215,241,8.6875,10
M,1595,663,700,23,30
F,567,399,446,14,20
M,930,551,560,12.75,25
F,851,321,400,8.833333333,5
F,689,341,257,4.857142857,5
M,2413,566,553,10.75,10
M,749,295,289,5.636363636,15
F,896,464,493,10.28571429,19
F,505,366,351,6,9
F,4104,848,827,10.30769231,12
F,2027,382,421,10.6,30
F,2171,613,612,15,21
F,661,325,310,13.1,10
M,538,258,281,10.1875,25
M,460,331,321,15.75,25
F,814,468,471,4.80952381,5
F,2297,550,562,11.83333333,25
F,297,163,179,4.727272727,3
M,393,313,314,20,20
M,675,357,397,20,20
M,897,240,259,12.33333333,20
M,1402,545,548,14.625,32
M,566,310,326,17.5,20
M,1483,695,744,20,20
F,504,355,296,8.363636364,10
M,1394,263,302,20,20
F,739,415,436,10,15
F,915,442,385,13.3,15
F,978,291,256,20,20
M,1270,471,429,6.269230769,5
F,1717,511,588,9,10
M,2449,472,518,7.615384615,10
F,2869,668,686,10.5,10
M,224,163,193,5.333333333,6
F,160,170,161,10.5,16
F,1178,384,370,12.33333333,21
F,668,456,326,15,15
F,5886,1500,1005,19.3125,26
F,696,383,406,9,31
F,1224,312,325,6.8,10
F,585,258,286,10.75,15
F,555,299,331,11.28571429,12
F,2038,515,564,8.111111111,5
M,281,241,280,15,21
F,835,400,394,13.0625,15
M,2494,643,639,11.66666667,10
F,444,243,251,5.777777778,7
M,499,252,249,3.966666667,5
F,1841,387,435,11.625,15
F,683,337,329,4.866666667,7
F,621,239,270,6.263157895,9
M,550,419,305,14.35869565,15
F,1203,413,493,16.5,25
M,1420,433,388,4.5,4
M,640,302,289,10.75,20
F,853,450,331,9.75,13
F,868,384,399,2.315789474,5
M,1518,469,494,10.7,16
F,590,403,362,8.217391304,8
F,801,370,360,15.2,25
M,675,375,325,5,5
F,1217,506,556,9.857142857,12
M,1897,481,433,23,23
M,878,630,622,9.75,15
M,680,325,293,4.666666667,7
M,1269,574,540,4.254901961,10
M,617,363,353,4.533333333,5
M,1365,359,356,25,25
M,838,436,493,4.866666667,5
M,1070,388,330,8.25,15
M,2166,515,471,9.090909091,11
F,803,360,375,5.823529412,5
F,666,332,325,4.5,4
F,279,171,184,21.34545455,15
F,1217,614,608,19,25
F,876,504,414,24.44444444,25
M,1076,586,623,12.33333333,21
F,877,257,236,6.714285714,10
M,2631,753,772,19.61538462,30
F,916,388,401,11.18181818,15
F,1205,651,699,20,35
F,1952,527,522,5.222222222,15
F,1620,452,432,3.297619048,5
M,301,249,299,5.166666667,5
M,349,272,214,12.2,19
F,3327,429,484,10.88888889,10
F,1606,316,351,13.42857143,19
F,928,463,403,15,25
F,733,453,496,6.666666667,3
F,813,295,281,2.705882353,3
F,836,468,496,6.928571429,12
F,483,388,412,13,20
F,1473,436,444,13.33333333,20
F,828,308,327,10.30769231,12
M,836,508,495,6.238095238,5
F,993,291,316,6.96,15
F,3230,688,714,18.33333333,25
F,2854,749,760,20,20
M,775,395,410,18,24
F,683,216,295,11.36363636,35
F,3373,628,669,13,26
M,653,360,358,9.5,20
F,307,169,204,10.55172414,10
M,249,224,234,4.75,6
M,730,362,364,8.5,5
F,599,236,253,7.32,5
F,684,386,388,7.083333333,15
M,350,278,335,10.125,20
F,304,230,224,10,20
M,1236,467,513,5.375,5
M,599,406,200,9.230769231,10
M,593,298,274,5.266666667,5
M,651,451,455,7.428571429,9
F,429,207,259,16.11111111,25
M,2264,503,509,9.714285714,12
M,1691,556,520,14.33333333,20
F,2387,399,446,8.045454546,15
F,813,495,499,14.83333333,15
F,2473,586,610,25.84375,25
F,243,251,244,4.352941177,5
M,3330,581,576,12.5,11
M,4178,687,723,10,21
M,465,279,278,6.666666667,20
M,878,420,455,10.125,16
F,919,193,154,25,25
F,899,417,479,8,15
M,817,534,526,5.333333333,5
F,725,354,335,7.666666667,7
M,677,272,324,10.11538462,10
F,1715,750,626,6.916666667,10
M,726,495,516,17.22580645,40
M,675,209,194,7.5625,10
F,632,336,339,8.533333333,5
M,595,263,262,14.69230769,20
F,2707,504,538,12.11764706,22
M,2666,609,612,12.33333333,21
M,444,264,269,17.14285714,25
